Recency,Frequency,Monetary,Cluster
1,413,231822.69,NEW
8,333,192361.95,NEW
1,3,168472.5,NEW
3,920,87591.7,NEW
326,1,77183.6,RISK
39,229,76579.32,NEW
4,277,66653.56,NEW
4,5111,65164.79,NEW
4,562,64197.5,NEW
1,2268,59023.68,NEW
1,69,57196.48,NEW
7,129,56160.92,NEW
3,1773,55531.46,NEW
8,1637,51527.3,NEW
10,589,50491.81,NEW
235,10,44534.3,RISK
4,314,43104.64,NEW
22,82,42055.96,NEW
182,3,39916.5,RISK
2,7491,38983.23,NEW
1,348,36745.85,NEW
4,136,36068.6,NEW
17,356,33016.2,NEW
11,164,32685.58,NEW
1,213,31833.68,NEW
1,4055,31081.74,NEW
1,572,28882.44,NEW
25,244,27073.23,NEW
8,45,26626.8,NEW
2,464,26558.36,NEW
12,954,25970.6,NEW
4,50,25543.84,NEW
1,693,19757.16,NEW
10,1423,19181.18,NEW
1,162,19137,NEW
2,710,18641.01,NEW
9,116,17654.54,NEW
3,178,17159.52,NEW
1,319,16903.85,NEW
9,98,16671.89,NEW
2,98,16347.76,NEW
1,212,16225.39,NEW
16,81,16209.5,NEW
9,261,16042.11,NEW
9,685,15899.29,NEW
2,337,15583.4,NEW
7,222,15386.79,NEW
1,196,14986.97,NEW
2,277,14728.78,NEW
4,339,14589.04,NEW
4,598,14572.32,NEW
11,98,14286.22,NEW
1,270,14034.99,NEW
33,293,13444.72,NEW
9,111,12669.98,NEW
2,668,12655.42,NEW
2,174,12616.01,NEW
3,9,12393.7,NEW
3,484,12339.68,NEW
3,348,12113.55,NEW
4,469,12082.39,NEW
1,191,11872.99,NEW
64,47,11581.8,RISK
25,127,11528.48,NEW
1,2557,11469.27,NEW
5,579,11349.52,NEW
8,498,11138.71,NEW
4,287,10921.72,NEW
16,97,10879.76,NEW
33,416,10797.48,NEW
45,134,10736.48,NEW
16,477,10650.77,NEW
31,370,10526.32,NEW
9,111,10484.99,NEW
10,111,10464.85,NEW
3,1062,10416.98,NEW
10,423,10399.74,NEW
2,322,10254.81,NEW
100,162,10254.18,RISK
1,401,10238.46,NEW
43,378,10196.57,NEW
5,444,10086.27,NEW
4,354,10026.66,NEW
4,337,9785.97,NEW
30,321,9682.02,NEW
7,382,9646.57,NEW
16,185,9455.53,NEW
2,290,9418.47,NEW
4,115,9348.44,NEW
7,418,9267.96,NEW
8,521,9227.82,NEW
7,594,8706.58,NEW
11,66,8631.31,NEW
22,73,8625.8,NEW
6,1102,8623.18,NEW
18,159,8438.34,NEW
1,376,8283.15,NEW
1,1088,8152.71,NEW
2,114,8134.94,NEW
60,138,8099.49,RISK
3,914,7989.8,NEW
11,495,7977.33,NEW
5,204,7943.22,NEW
9,147,7902.42,NEW
9,107,7800.12,NEW
23,59,7792.36,NEW
1,433,7769.09,NEW
4,828,7761.82,NEW
16,174,7755.89,NEW
2,427,7727.47,NEW
5,510,7722.65,NEW
19,444,7634.73,NEW
17,377,7586.39,NEW
2,79,7582.54,NEW
22,371,7574.7,NEW
15,189,7561.68,NEW
1,1667,7436.93,NEW
158,20,7374.9,RISK
1,1082,7304.28,NEW
16,458,7277.7,NEW
3,294,7210.37,NEW
38,656,7205.33,NEW
87,355,7180.7,RISK
3,206,7160.64,NEW
5,279,7123.62,NEW
36,75,7121.95,RISK
12,626,7069.08,NEW
4,351,7060.13,NEW
11,312,7044.68,NEW
276,146,7033.07,RISK
39,24,6933.3,RISK
3,64,6924.11,NEW
114,26,6912,RISK
32,295,6911.44,NEW
30,269,6893.42,NEW
20,90,6818.87,NEW
38,38,6814.64,RISK
59,118,6773.97,RISK
18,4,6748.8,BEST
32,350,6688.46,NEW
5,444,6680.11,NEW
12,154,6623.7,NEW
72,28,6617.65,RISK
8,217,6580.44,NEW
19,559,6496.35,NEW
17,721,6493.54,NEW
5,272,6484.54,NEW
4,93,6471.71,NEW
3,32,6463.84,NEW
23,336,6403.25,NEW
10,115,6368.19,NEW
3,463,6309.83,NEW
4,335,6307.65,NEW
3,519,6291.01,NEW
29,117,6287.77,NEW
2,471,6281.23,NEW
24,283,6211.66,NEW
14,304,6143.41,NEW
90,76,6115.01,RISK
1,293,6107.27,NEW
58,364,6083.64,RISK
16,1084,6072.87,NEW
4,194,6065.69,NEW
11,362,6008.18,NEW
33,421,6003.22,NEW
74,35,5976.79,RISK
15,302,5955.71,NEW
30,170,5900.25,NEW
30,321,5891.61,NEW
2,296,5870.08,NEW
17,785,5859.43,NEW
1,579,5855.57,NEW
7,311,5760.86,NEW
11,166,5756.89,NEW
7,286,5739.46,NEW
37,86,5732.93,RISK
26,265,5725.47,NEW
163,84,5719.82,RISK
4,156,5683.15,NEW
23,245,5655.99,NEW
12,404,5655.91,NEW
3,317,5655.03,NEW
1,66,5647.07,NEW
17,478,5578.72,NEW
31,221,5575.56,NEW
5,190,5519.58,NEW
15,385,5508.85,NEW
12,281,5504.19,NEW
15,276,5493.46,NEW
23,299,5488.18,NEW
3,267,5474.96,NEW
17,120,5464.12,NEW
9,258,5447,NEW
4,159,5425.56,NEW
9,144,5398.3,NEW
38,274,5396.04,NEW
2,456,5369.47,NEW
26,162,5360.63,NEW
1,698,5300.94,NEW
3,218,5298.48,NEW
17,341,5291.33,NEW
74,99,5232.23,RISK
44,242,5228.05,NEW
45,135,5203.51,RISK
3,292,5188.81,NEW
3,134,5180.52,NEW
17,301,5159.06,NEW
11,1146,5152.97,NEW
8,305,5134.12,NEW
10,74,5126.76,NEW
2,268,5122.74,NEW
9,201,5090.42,NEW
16,170,5064.94,NEW
2,551,5054.42,NEW
8,271,5037.26,NEW
33,931,5030.07,NEW
10,235,5010.28,NEW
4,419,5006.77,NEW
1,303,4991.85,NEW
17,258,4975.24,NEW
15,196,4921.04,NEW
46,266,4919,RISK
7,695,4910.6,NEW
6,180,4904.41,NEW
16,27,4892.24,NEW
8,100,4871.93,NEW
25,259,4867.72,NEW
1,229,4797.08,NEW
2,91,4777.18,NEW
13,465,4767.36,NEW
1,180,4757.16,NEW
10,271,4745.69,NEW
9,294,4739.61,NEW
2,259,4684.76,NEW
2,140,4656.72,NEW
20,1175,4630.35,NEW
24,280,4628.75,NEW
139,60,4599.42,RISK
43,171,4582.64,RISK
11,228,4546.77,NEW
23,306,4544.55,NEW
19,159,4482.77,NEW
24,224,4481.67,NEW
1,406,4462.68,NEW
88,400,4459.52,RISK
10,257,4418.87,NEW
1,179,4413.1,NEW
64,120,4405.88,RISK
5,845,4402.82,NEW
2,175,4402.3,NEW
3,508,4397.3,NEW
12,272,4385.99,NEW
51,208,4376.58,RISK
22,249,4345.5,NEW
2,256,4342.84,NEW
26,101,4339.5,NEW
87,16,4314.72,RISK
9,43,4301.22,NEW
30,234,4278.6,NEW
16,390,4274.16,NEW
1,222,4263.64,NEW
20,282,4215.9,NEW
1,263,4206.39,NEW
17,35,4199.85,NEW
3,196,4193.04,NEW
9,210,4191,NEW
15,285,4169.16,NEW
31,215,4167.22,NEW
16,46,4160.41,NEW
31,152,4151.93,NEW
20,234,4147.96,NEW
4,216,4113.68,NEW
2,436,4113.24,NEW
1,381,4098.94,NEW
74,135,4098.88,RISK
1,186,4098.32,NEW
17,252,4095.9,NEW
4,199,4090.88,NEW
8,214,4076.91,NEW
98,2,4055.72,LOST
4,182,4051.48,NEW
10,925,4034.9,NEW
12,166,4023.72,NEW
49,18,4020.04,RISK
22,34,4017.84,RISK
10,238,4017.54,NEW
26,534,4009.34,NEW
1,169,3989.57,NEW
65,192,3984.32,RISK
12,818,3976.08,NEW
4,355,3974.75,NEW
18,92,3973.29,NEW
7,567,3961.12,NEW
8,94,3957.78,NEW
13,304,3957.43,NEW
12,232,3945,NEW
17,184,3931.29,NEW
4,212,3923.86,NEW
10,208,3901.81,NEW
2,97,3886.06,NEW
2,237,3883.25,NEW
3,1,3861,BEST
114,72,3859.82,RISK
11,187,3852.3,NEW
24,163,3843.88,NEW
2,96,3837.45,NEW
11,187,3834.26,NEW
7,138,3813.53,NEW
5,101,3809.89,NEW
9,224,3799.49,NEW
18,258,3789.52,NEW
47,160,3786.24,RISK
48,332,3775.95,RISK
5,86,3766.6,NEW
90,222,3756.33,RISK
47,11,3742.2,RISK
66,109,3740.07,RISK
15,126,3738.4,NEW
1,194,3719.12,NEW
24,135,3718.8,NEW
109,69,3717.35,RISK
18,138,3711.77,NEW
43,185,3709.56,RISK
169,194,3703.29,RISK
23,198,3699.26,NEW
5,431,3698.49,NEW
67,123,3683.86,RISK
29,312,3683.26,NEW
51,194,3672.86,RISK
23,647,3666.94,NEW
1,157,3641.32,NEW
8,282,3640.67,NEW
32,172,3639.31,NEW
264,69,3638.41,RISK
7,275,3631.17,NEW
1,253,3628.5,NEW
126,73,3613.63,RISK
45,123,3613.15,RISK
9,438,3611.31,NEW
53,97,3610.96,RISK
11,687,3603.29,NEW
29,71,3599.73,RISK
1,187,3590.41,NEW
2,200,3586.03,NEW
8,292,3579.86,NEW
41,229,3560.32,RISK
36,148,3560.08,RISK
3,164,3543.26,NEW
8,138,3536.38,NEW
24,183,3535.83,NEW
3,182,3534.31,NEW
31,229,3518.03,NEW
7,20,3515.68,NEW
11,95,3511.8,NEW
10,97,3509.43,NEW
52,78,3506.54,RISK
82,265,3502.32,RISK
5,367,3485.59,NEW
3,202,3482.74,NEW
12,357,3482.48,NEW
24,369,3470.02,NEW
43,121,3466.36,RISK
11,110,3466.28,NEW
84,122,3450.84,RISK
5,636,3450.41,NEW
50,84,3447.4,RISK
8,390,3445.18,NEW
4,583,3444.54,NEW
1,178,3444.39,NEW
39,176,3442.15,RISK
16,192,3439.08,NEW
19,202,3435.76,NEW
42,193,3432.8,RISK
25,97,3408.48,RISK
19,404,3408.2,NEW
14,167,3408.06,NEW
43,68,3406.72,RISK
121,126,3403.43,RISK
10,226,3401.24,NEW
33,142,3397.93,RISK
66,125,3386.71,RISK
26,175,3350.96,NEW
11,189,3349.57,NEW
3,495,3349.01,NEW
18,172,3347.71,NEW
8,73,3347.31,NEW
53,175,3339.64,RISK
4,634,3315.05,NEW
67,207,3313.79,RISK
61,158,3312.25,RISK
53,138,3295.76,RISK
16,167,3285.31,NEW
14,251,3284.67,NEW
1,152,3282.6,NEW
88,180,3279.97,RISK
127,10,3276.4,RISK
218,137,3251.071,RISK
1,104,3231.47,NEW
60,149,3222.3,RISK
2,372,3213.59,NEW
18,31,3204.16,RISK
7,33,3192.54,NEW
9,233,3192.17,NEW
64,130,3189.81,RISK
4,48,3188.4,NEW
24,467,3187.55,NEW
96,308,3185.64,RISK
50,110,3178.17,RISK
18,433,3174.75,NEW
2,321,3171.23,NEW
31,165,3170.98,RISK
31,6,3166.4,BEST
38,155,3158.13,RISK
12,540,3146.92,NEW
75,79,3144.86,RISK
3,141,3130.44,NEW
12,531,3124.72,NEW
21,159,3121.97,NEW
3,39,3119.44,NEW
8,188,3115.01,NEW
72,36,3113.4,RISK
3,163,3109.99,NEW
17,313,3107.87,NEW
16,250,3104.17,NEW
95,154,3100.09,RISK
64,106,3099.72,RISK
96,127,3099.12,RISK
197,1,3096,LOST
9,128,3092.04,NEW
9,166,3090.74,NEW
17,176,3090.73,NEW
123,304,3083.65,RISK
37,504,3080.22,NEW
3,166,3078.58,NEW
59,186,3075.05,RISK
23,75,3075.04,RISK
100,11,3070.42,RISK
52,305,3049.88,RISK
6,300,3039.22,NEW
22,404,3039.17,NEW
85,79,3029.87,RISK
82,70,3017.3,RISK
5,947,3017.28,NEW
40,185,3000.2,RISK
206,127,2997.03,RISK
9,166,2993.1,NEW
52,172,2984.49,RISK
4,138,2969.12,NEW
50,136,2965.69,RISK
47,544,2959.88,NEW
3,144,2953.59,NEW
139,103,2944.95,RISK
1,313,2941.34,NEW
64,151,2938.91,RISK
29,105,2924.99,RISK
61,77,2920.16,RISK
12,63,2919.81,NEW
41,236,2917.96,RISK
23,160,2915.15,NEW
10,165,2900.04,NEW
26,433,2898.26,NEW
1,157,2895.64,NEW
25,195,2883.54,NEW
17,152,2883.1,NEW
3,137,2883.03,NEW
39,87,2882.77,RISK
2,78,2879.7,NEW
4,165,2876.01,NEW
10,84,2874.72,NEW
32,155,2870.91,RISK
72,149,2867.2,RISK
26,213,2862.11,NEW
13,221,2861.55,NEW
2,317,2856.16,NEW
60,328,2854.84,RISK
10,345,2839.62,NEW
58,143,2836.69,RISK
44,145,2824.69,RISK
22,137,2812.34,NEW
9,86,2810.2,NEW
3,262,2804.54,NEW
21,350,2795.33,NEW
12,47,2791.35,NEW
24,122,2791.27,NEW
4,700,2790.95,NEW
5,189,2783.2,NEW
4,159,2780.15,NEW
9,543,2777.67,NEW
59,127,2775.28,RISK
2,115,2770.94,NEW
30,197,2760.56,NEW
19,149,2758.26,NEW
17,146,2751.66,NEW
71,95,2748.31,RISK
35,149,2747.99,RISK
78,126,2740.03,RISK
30,103,2735.37,RISK
144,113,2726.77,RISK
88,138,2726.23,RISK
8,40,2723.7,NEW
11,166,2720.63,NEW
40,231,2718.6,RISK
9,235,2711.68,NEW
33,168,2711.11,RISK
23,187,2709.12,NEW
1,132,2708.61,NEW
43,166,2707.33,RISK
17,115,2703.31,NEW
52,123,2703.23,RISK
8,147,2702.49,NEW
80,198,2698.45,RISK
306,140,2698.22,RISK
8,28,2686.42,NEW
12,29,2683.5,BEST
11,142,2674.48,NEW
67,4,2672,LOST
2,129,2671.73,NEW
8,106,2662.4,NEW
4,574,2662.18,NEW
3,253,2657.93,NEW
19,78,2657.13,NEW
96,81,2651.46,RISK
31,96,2647.59,RISK
56,201,2641.82,RISK
10,108,2639.17,NEW
64,119,2634.45,RISK
173,133,2628.35,RISK
64,127,2626.3,RISK
16,146,2624.26,NEW
2,134,2621.38,NEW
8,143,2618.23,NEW
4,131,2616.38,NEW
10,43,2614.74,NEW
30,56,2613.38,RISK
3,87,2612.96,NEW
23,142,2611.75,NEW
59,174,2610.36,RISK
56,127,2607.61,RISK
46,9,2600.34,RISK
11,106,2599.03,NEW
28,118,2593.07,RISK
31,135,2588.39,RISK
57,148,2580.91,RISK
31,450,2574.91,NEW
5,397,2573.93,NEW
7,175,2567.06,NEW
38,4,2560,BEST
5,501,2557.18,NEW
29,100,2555.58,RISK
17,162,2552.21,NEW
5,136,2551.06,NEW
31,42,2548.24,RISK
51,117,2538.3,RISK
17,142,2534.64,NEW
5,212,2533.42,NEW
9,253,2529.93,NEW
25,131,2527.92,RISK
11,327,2526.09,NEW
2,155,2520.02,NEW
2,276,2519.21,NEW
134,89,2515.84,RISK
68,116,2511.69,RISK
31,90,2504.13,RISK
1,254,2501.84,NEW
4,115,2495.87,NEW
4,452,2488.77,NEW
45,101,2481.13,RISK
3,162,2479.16,NEW
16,174,2478.95,NEW
11,84,2474.23,NEW
2,125,2474.21,NEW
12,93,2471.7,NEW
40,142,2468.33,RISK
33,144,2467.35,RISK
5,134,2463.17,NEW
10,31,2462.79,BEST
31,329,2461.24,NEW
38,302,2448.64,RISK
73,114,2446.6,RISK
87,52,2445.91,RISK
28,132,2432.65,RISK
20,608,2429.83,NEW
28,140,2429.03,RISK
19,162,2428.53,NEW
3,160,2427.32,NEW
10,145,2420.84,NEW
23,206,2415.72,NEW
60,253,2404.17,RISK
89,43,2398.86,RISK
156,304,2393.9,RISK
6,137,2392.83,NEW
85,135,2388.75,RISK
41,94,2386.05,RISK
7,120,2383.24,NEW
7,240,2381.59,NEW
43,112,2380.85,RISK
8,204,2379.54,NEW
16,41,2379.49,RISK
9,133,2375.47,NEW
132,85,2375.41,RISK
2,134,2373.82,NEW
80,122,2369.55,RISK
40,391,2366.95,RISK
10,141,2364.25,NEW
9,313,2363.25,NEW
36,296,2358.59,RISK
30,397,2358.03,NEW
52,80,2354.25,RISK
8,117,2352.53,NEW
39,118,2337.63,RISK
59,139,2332.15,RISK
33,83,2328.97,RISK
31,24,2328.84,RISK
4,136,2322.4,NEW
11,101,2314.65,NEW
26,114,2314.32,RISK
10,641,2312.66,NEW
5,134,2308.06,NEW
18,101,2298.93,NEW
12,120,2294.78,NEW
140,117,2293.62,RISK
8,129,2292.97,NEW
38,115,2285.71,RISK
10,203,2279.49,NEW
4,148,2274.14,NEW
30,92,2274.07,RISK
66,124,2273.68,RISK
64,132,2268.81,RISK
16,121,2263.12,NEW
89,46,2262.62,RISK
26,194,2248.63,NEW
37,135,2248.56,RISK
10,377,2248.5,NEW
79,116,2247.41,RISK
17,244,2245.66,NEW
33,254,2242.61,RISK
34,217,2242.36,RISK
53,112,2241.1,RISK
7,74,2237.77,NEW
3,129,2234.73,NEW
72,78,2232.49,RISK
34,128,2225.37,RISK
70,269,2225.15,RISK
168,115,2222.21,RISK
29,66,2214.79,RISK
29,190,2213.13,RISK
89,132,2212.61,RISK
36,67,2211.21,RISK
18,139,2209.36,NEW
113,8,2207.4,LOST
18,93,2206.95,NEW
7,106,2199.31,NEW
32,112,2195.1,RISK
256,22,2188.5,RISK
30,117,2188.05,RISK
5,462,2185.45,NEW
10,85,2183.54,NEW
40,91,2178.67,RISK
5,35,2173.88,NEW
8,311,2170.78,NEW
45,128,2166.98,RISK
2,129,2160.7,NEW
107,73,2157.73,RISK
4,108,2157.4,NEW
60,108,2155.95,RISK
8,28,2154.97,BEST
42,114,2148.63,RISK
43,62,2140.87,RISK
197,17,2139.76,RISK
60,141,2128.42,RISK
3,272,2122.53,NEW
25,145,2118.93,RISK
32,117,2118.03,RISK
70,30,2116.19,RISK
31,71,2114.33,RISK
4,321,2108.06,NEW
24,105,2107.38,RISK
87,31,2106.84,RISK
93,36,2106.52,RISK
148,180,2103.06,RISK
25,266,2102.54,NEW
64,49,2100.6,RISK
3,219,2097.88,NEW
126,206,2097.84,RISK
19,340,2097.57,NEW
67,112,2095.53,RISK
51,33,2093.32,RISK
53,90,2092.66,RISK
1,76,2092.32,NEW
8,59,2089.85,NEW
13,340,2088.94,NEW
4,127,2088.6,NEW
1,54,2085.08,NEW
10,100,2082.83,NEW
218,134,2082.46,RISK
8,98,2081.9,NEW
8,121,2081.61,NEW
13,168,2079.68,NEW
18,98,2076.89,NEW
11,87,2073.43,NEW
10,104,2073.09,NEW
192,123,2071.77,RISK
3,101,2069.19,NEW
1,325,2066.48,NEW
5,46,2066.01,NEW
16,116,2064.95,NEW
35,84,2062.7,RISK
72,17,2062.06,RISK
66,117,2055.51,RISK
31,65,2054.36,RISK
7,96,2050.08,NEW
53,135,2048.45,RISK
43,115,2048.07,RISK
4,721,2045.53,NEW
214,55,2044.37,RISK
27,178,2043.92,RISK
27,71,2043.72,RISK
4,110,2036.91,NEW
85,1,2033.1,LOST
5,71,2031.78,NEW
1,109,2027.5,NEW
36,231,2022.98,RISK
18,137,2022.81,NEW
81,17,2020.52,RISK
18,306,2020.4,NEW
108,127,2011.88,RISK
26,457,2009.24,NEW
137,27,2007.4,RISK
24,111,2004.3,RISK
33,81,2003.85,RISK
15,71,2001.04,NEW
227,5,1998,LOST
53,30,1992.11,RISK
28,115,1991.01,RISK
5,215,1987.33,NEW
11,87,1981.92,NEW
151,521,1981.06,RISK
66,233,1980.57,RISK
50,104,1980.56,RISK
16,117,1979.37,NEW
71,192,1975.35,RISK
4,61,1974.65,NEW
8,219,1972.39,NEW
25,77,1971.87,RISK
27,189,1964.3,RISK
11,82,1962.84,NEW
74,164,1962.46,RISK
25,35,1962.3,RISK
18,136,1961.52,NEW
43,193,1957.32,RISK
135,78,1957.1,RISK
33,289,1953.41,RISK
1,88,1952.45,NEW
25,62,1949.72,RISK
17,72,1945.33,NEW
4,124,1937.25,NEW
22,20,1936.32,BEST
4,125,1936.07,NEW
8,49,1932.23,NEW
22,117,1928.77,RISK
1,234,1926.65,NEW
64,210,1921.55,RISK
72,214,1921.37,RISK
21,27,1910.01,BEST
41,232,1907.44,RISK
49,123,1905.45,RISK
13,277,1904.99,NEW
7,111,1904.05,NEW
10,137,1903.75,NEW
1,462,1897.57,NEW
29,62,1892.65,RISK
105,119,1887.2,RISK
2,93,1886.68,NEW
51,125,1885.05,RISK
1,110,1883.81,NEW
18,89,1880.22,NEW
19,97,1879.05,NEW
23,107,1878.87,RISK
57,95,1877.59,RISK
5,127,1876.2,NEW
16,208,1875.86,NEW
30,3,1873.2,BEST
16,88,1870.97,NEW
22,102,1870.24,RISK
37,116,1869.82,RISK
4,76,1864.66,NEW
2,353,1863.76,NEW
3,111,1863.47,NEW
79,6,1862,LOST
3,101,1859.58,NEW
71,105,1858.96,RISK
8,132,1854.06,NEW
104,265,1852.67,RISK
4,89,1852,NEW
32,197,1843.83,RISK
5,119,1843.75,NEW
2,23,1843,NEW
42,57,1842.14,RISK
4,34,1840.42,NEW
3,59,1839.3,NEW
2,117,1838.85,NEW
29,214,1838.61,RISK
155,37,1837.92,RISK
43,70,1837.28,RISK
17,96,1836.34,NEW
61,90,1835.7,RISK
40,102,1833.71,RISK
269,29,1829.04,RISK
26,142,1827.8,RISK
30,74,1824.37,RISK
50,89,1824.23,RISK
3,103,1823.52,NEW
8,85,1822.97,NEW
14,135,1819.41,NEW
73,86,1819.37,RISK
27,76,1817.94,RISK
6,123,1814.12,NEW
7,337,1810.65,NEW
46,109,1804.56,RISK
26,86,1802.91,RISK
107,41,1801.14,RISK
53,69,1800.07,RISK
82,82,1799.33,RISK
11,110,1797.78,NEW
61,91,1797.5,RISK
72,104,1796.48,RISK
86,98,1793.58,RISK
9,90,1793.17,NEW
8,357,1793.06,NEW
1,115,1791.56,NEW
16,70,1790.45,NEW
1,92,1788.36,NEW
54,104,1786.79,RISK
4,20,1785.15,BEST
4,112,1784.33,NEW
52,117,1778.96,RISK
50,124,1774.03,RISK
16,103,1771.78,NEW
14,11,1771.2,BEST
73,44,1770.34,RISK
18,63,1766.72,RISK
31,25,1764.72,RISK
75,5,1759.5,LOST
67,110,1756.44,RISK
7,66,1750.92,NEW
6,76,1747.66,NEW
78,82,1744.76,RISK
32,97,1744.71,RISK
109,203,1744.31,RISK
61,31,1743.15,RISK
13,134,1742.38,NEW
46,30,1741.84,RISK
49,87,1741.22,RISK
20,102,1740.6,RISK
36,39,1740.48,RISK
129,8,1740,LOST
127,19,1737.7,RISK
25,76,1737.69,RISK
32,102,1735.18,RISK
71,52,1730.65,RISK
33,139,1727.6,RISK
1,100,1721.4,NEW
18,67,1720.3,RISK
22,11,1717.36,BEST
29,104,1715.46,RISK
63,15,1714.96,RISK
23,81,1714.59,RISK
22,40,1714.25,RISK
1,51,1712.89,NEW
5,184,1710.45,NEW
83,29,1708.24,RISK
116,44,1706.88,RISK
45,78,1706.57,RISK
154,82,1705.8,RISK
29,314,1705.78,NEW
17,250,1703.65,NEW
21,21,1703.64,BEST
66,103,1702.26,RISK
8,42,1700.98,NEW
36,32,1699.3,RISK
33,46,1698.94,RISK
14,348,1698.07,NEW
48,381,1693.81,RISK
220,108,1693.45,RISK
28,6,1692.27,BEST
195,14,1689.5,RISK
122,79,1688.29,RISK
25,83,1687.6,RISK
130,89,1685.46,RISK
18,215,1682.34,NEW
77,114,1681.46,RISK
14,86,1676.06,NEW
73,82,1674.69,RISK
9,395,1673.68,NEW
15,179,1668.95,NEW
1,89,1664.65,NEW
4,222,1664.43,NEW
3,24,1662.3,BEST
2,110,1661.44,NEW
10,279,1660.88,NEW
12,168,1659.99,NEW
43,95,1659.6,RISK
56,68,1654.31,RISK
8,426,1652.18,NEW
3,22,1651.03,BEST
90,108,1649.5,RISK
10,78,1648.12,NEW
60,291,1647.48,RISK
54,24,1647.26,RISK
9,88,1646.84,NEW
73,101,1645.16,RISK
80,35,1644.01,RISK
59,92,1638.47,RISK
114,82,1633.78,RISK
71,29,1631.77,RISK
23,92,1630.32,RISK
5,102,1625.97,NEW
30,63,1624.91,RISK
108,78,1624.21,RISK
52,111,1624.14,RISK
9,110,1624.05,NEW
12,102,1623.72,NEW
10,42,1621.73,BEST
15,80,1618.69,NEW
3,128,1616.8,NEW
17,90,1614.91,NEW
11,93,1614.31,NEW
44,75,1612.69,RISK
47,87,1611.59,RISK
116,45,1610.15,RISK
106,87,1600.89,RISK
9,318,1600.26,NEW
9,95,1599.52,NEW
34,146,1595.96,RISK
129,93,1595.48,RISK
1,218,1594.97,NEW
163,75,1594.23,RISK
34,89,1592.12,RISK
68,34,1592.06,RISK
10,43,1591.45,BEST
129,97,1590.81,RISK
24,195,1585.46,RISK
28,164,1583.57,RISK
28,151,1582.8,RISK
2,235,1581.84,NEW
19,371,1580.29,NEW
195,135,1578.67,RISK
40,79,1575.89,RISK
88,55,1575.03,RISK
6,166,1570.81,NEW
20,150,1567.69,NEW
25,251,1564.73,NEW
175,57,1564.56,RISK
206,103,1563,RISK
123,186,1562.4,RISK
78,92,1560.38,RISK
57,83,1555.34,RISK
22,78,1555.32,RISK
57,100,1553.18,RISK
15,79,1551.78,NEW
16,178,1550.14,NEW
33,186,1547.36,RISK
52,40,1547.2,RISK
4,93,1545.62,NEW
18,117,1545.41,NEW
73,38,1544.13,RISK
42,162,1541.23,RISK
2,269,1539.49,NEW
22,101,1538.88,RISK
52,101,1537.95,RISK
4,154,1535.77,NEW
5,84,1535.53,NEW
104,64,1534.26,RISK
8,34,1533.92,BEST
78,105,1532.2,RISK
44,58,1531.62,RISK
11,123,1530.75,NEW
57,33,1530.36,RISK
2,230,1529,NEW
17,101,1521.04,NEW
57,90,1520.58,RISK
71,207,1519.42,RISK
163,55,1516.24,RISK
128,11,1516,LOST
18,69,1515.9,RISK
96,70,1513.9,RISK
33,84,1511.95,RISK
29,107,1511.8,RISK
4,545,1508.96,NEW
17,64,1508.72,RISK
151,82,1506.12,RISK
15,120,1504.27,NEW
21,106,1502.78,RISK
22,107,1497.31,RISK
92,97,1496.98,RISK
11,393,1493.96,NEW
86,49,1493.73,RISK
31,174,1491.43,RISK
8,79,1490.83,NEW
275,25,1489.5,RISK
31,145,1488.67,RISK
25,53,1488.32,RISK
130,2,1487.6,LOST
145,71,1484.06,RISK
333,92,1482.32,RISK
60,206,1482.06,RISK
32,122,1477.66,RISK
13,122,1476.09,NEW
130,20,1475.81,RISK
114,165,1475.43,RISK
111,75,1474.06,RISK
10,192,1472.34,NEW
60,102,1471,RISK
2,196,1468.02,NEW
108,47,1465.32,RISK
9,13,1463.04,BEST
49,35,1462.72,RISK
21,78,1461.14,RISK
9,35,1460.16,BEST
64,80,1459.88,RISK
10,139,1459.61,NEW
30,37,1456.96,RISK
7,107,1456.79,NEW
38,79,1454.58,RISK
59,105,1453.35,RISK
15,82,1449.54,NEW
197,89,1448.21,RISK
18,174,1446.09,NEW
32,102,1445.01,RISK
39,27,1445,RISK
44,63,1443.69,RISK
39,88,1443.21,RISK
4,323,1437.57,NEW
107,84,1431.93,RISK
191,86,1431.78,RISK
33,292,1430.54,RISK
7,48,1429.64,NEW
9,120,1429.35,NEW
29,66,1428.02,RISK
25,53,1426.16,RISK
50,271,1425.67,RISK
18,100,1422.52,RISK
21,82,1422.4,RISK
27,87,1421.69,RISK
47,66,1421.61,RISK
16,84,1418.32,RISK
2,15,1418.03,BEST
9,140,1417.63,NEW
32,222,1415.65,RISK
35,94,1415.29,RISK
24,90,1413.66,RISK
2,99,1412.32,NEW
9,214,1411.21,NEW
109,52,1405.78,RISK
3,130,1404.64,NEW
186,95,1403.76,RISK
68,371,1403.11,RISK
5,186,1402.59,NEW
18,45,1400.56,BEST
22,113,1400.44,RISK
40,44,1399.92,RISK
200,68,1396.99,RISK
15,86,1393.69,NEW
51,16,1393.06,RISK
79,89,1391.98,RISK
25,80,1391.56,RISK
134,24,1390.5,RISK
100,60,1390.27,RISK
21,44,1389.41,RISK
15,73,1387.99,RISK
6,79,1387.79,NEW
23,54,1385.51,RISK
23,37,1384.86,RISK
78,55,1384.85,RISK
206,33,1384.25,RISK
23,142,1383.36,RISK
20,72,1382.74,RISK
53,34,1382.07,RISK
21,26,1379.9,BEST
68,82,1378.4,RISK
104,31,1375.71,RISK
16,141,1373.76,NEW
22,12,1372.8,BEST
2,279,1371.77,NEW
99,94,1370.78,RISK
104,47,1370.6,RISK
24,95,1367.88,RISK
8,55,1366.38,NEW
3,59,1362.91,NEW
29,43,1360.99,RISK
3,76,1360.55,NEW
26,178,1358.74,RISK
28,83,1356.33,RISK
13,58,1353.74,BEST
18,45,1352.75,BEST
17,21,1352,BEST
80,56,1351.63,RISK
26,98,1348.93,RISK
24,156,1348.88,RISK
239,52,1345.62,RISK
16,73,1345.53,RISK
120,69,1341.65,RISK
3,41,1341.6,NEW
31,73,1340.87,RISK
120,83,1340.7,RISK
15,152,1339.49,NEW
115,26,1339.45,RISK
41,237,1337.72,RISK
41,251,1337.18,RISK
8,50,1335.19,BEST
66,160,1334.91,RISK
29,77,1334.34,RISK
109,5,1333.35,LOST
29,90,1331.57,RISK
10,79,1328.55,NEW
13,202,1328.35,NEW
165,91,1327.16,RISK
31,70,1324.84,RISK
23,74,1324.16,RISK
45,342,1320.95,RISK
15,176,1320.21,NEW
34,75,1320.09,RISK
3,80,1319.91,NEW
3,82,1319.72,NEW
12,119,1319.29,NEW
101,31,1317.62,RISK
79,109,1316.25,RISK
30,78,1316.07,RISK
11,68,1314.81,NEW
107,32,1314.45,RISK
43,54,1314.45,RISK
65,65,1313.55,RISK
46,43,1312.14,RISK
20,10,1309.6,BEST
59,30,1309.14,RISK
316,17,1308.48,LOST
18,62,1305.33,RISK
88,23,1304.04,RISK
208,40,1303.91,RISK
82,221,1301.91,RISK
144,80,1299.95,RISK
36,126,1299.59,RISK
20,230,1298.66,NEW
4,77,1295.39,NEW
57,96,1295.3,RISK
4,16,1293.03,BEST
11,236,1291.91,NEW
71,76,1290.7,RISK
36,65,1290.53,RISK
331,5,1289.5,LOST
3,68,1286.7,NEW
4,60,1286.27,NEW
8,70,1281.32,NEW
43,25,1280.85,RISK
21,122,1280.58,RISK
29,68,1278.98,RISK
135,86,1277.75,RISK
256,3,1276,LOST
55,35,1271.57,RISK
8,123,1271.06,NEW
16,138,1270.41,NEW
67,46,1269.1,RISK
71,77,1268.98,RISK
59,13,1268.7,RISK
16,16,1267.65,BEST
88,75,1267.32,RISK
32,67,1266.97,RISK
239,74,1266.23,RISK
66,41,1266.08,RISK
101,63,1264.19,RISK
18,15,1262.2,BEST
1,62,1260.86,NEW
78,15,1259.56,RISK
12,180,1259.43,NEW
242,166,1259.24,RISK
296,74,1257.87,RISK
31,50,1257.51,RISK
4,82,1255.59,NEW
38,59,1247.69,RISK
31,10,1247.5,BEST
1,76,1245.9,NEW
22,77,1244.59,RISK
7,35,1242.3,BEST
100,23,1240.2,RISK
79,67,1240.11,RISK
1,76,1239.38,NEW
179,58,1238.47,RISK
10,73,1237.85,NEW
180,157,1237.82,RISK
96,58,1237.53,RISK
87,69,1236.54,RISK
19,2,1231.5,BEST
59,54,1231.31,RISK
1,266,1228.88,NEW
36,87,1227.43,RISK
22,59,1226.89,RISK
7,137,1224.06,NEW
73,47,1224.06,RISK
40,116,1221.56,RISK
147,154,1220.77,RISK
113,69,1220.26,RISK
37,58,1219.4,RISK
59,148,1217.65,RISK
2,200,1217.27,NEW
12,50,1215.84,BEST
16,64,1214.72,BEST
78,76,1214.41,RISK
97,153,1213.73,RISK
26,61,1213.16,RISK
50,30,1212.84,RISK
16,69,1212.66,RISK
37,44,1207.56,RISK
20,63,1207.24,RISK
8,44,1205.32,BEST
26,390,1201.51,NEW
95,79,1201.06,RISK
20,79,1197.81,RISK
1,278,1196.5,NEW
4,67,1194.73,NEW
3,65,1191.13,NEW
144,41,1188.62,RISK
15,71,1188.12,BEST
33,66,1187.66,RISK
37,103,1187.21,RISK
45,60,1186.35,RISK
82,128,1184.84,RISK
82,62,1179.89,RISK
16,36,1178.53,BEST
22,70,1177.47,RISK
124,75,1175.38,RISK
63,71,1175.22,RISK
64,58,1174.35,RISK
60,60,1173.12,RISK
23,106,1170.81,RISK
21,220,1168.89,NEW
23,65,1166.77,RISK
4,17,1164.55,BEST
51,52,1163.45,RISK
19,70,1163.23,RISK
11,156,1162.65,NEW
21,57,1160.07,RISK
18,42,1159.11,BEST
64,45,1158.79,RISK
30,68,1157.87,RISK
15,213,1156.6,NEW
32,69,1154.47,RISK
89,72,1154.4,RISK
10,64,1153.62,BEST
161,52,1145.84,RISK
273,34,1145.6,RISK
10,104,1145.21,NEW
199,38,1143.27,RISK
123,37,1142.42,RISK
353,54,1141.24,RISK
93,53,1140.93,RISK
302,36,1140.35,RISK
95,69,1140.21,RISK
17,5,1138,BEST
15,79,1135.63,BEST
108,40,1135.04,RISK
23,50,1134.28,RISK
7,12,1133.25,BEST
18,37,1132.14,BEST
28,72,1132.03,RISK
30,192,1131.75,RISK
8,68,1131.56,NEW
23,59,1129.14,RISK
219,87,1129.06,RISK
10,29,1127.71,BEST
2,52,1123.86,NEW
219,59,1123.51,RISK
34,173,1122.63,RISK
78,69,1122.41,RISK
14,63,1122.38,BEST
143,67,1121.59,RISK
66,70,1120.88,RISK
99,64,1119.74,RISK
70,34,1118.99,RISK
74,5,1117.9,LOST
65,58,1117.13,RISK
52,79,1116.92,RISK
54,73,1116.7,RISK
109,208,1116.68,RISK
21,57,1116.47,RISK
200,63,1110.34,RISK
179,70,1109.53,RISK
21,74,1107.46,RISK
1,47,1106.53,NEW
211,46,1106.4,RISK
5,58,1105.88,NEW
41,233,1105.78,RISK
13,68,1105.59,BEST
3,158,1102.49,NEW
23,63,1101.97,RISK
85,65,1100.9,RISK
92,190,1100.27,RISK
77,49,1098.78,RISK
3,20,1098.48,BEST
38,68,1098.43,RISK
35,155,1097.98,RISK
45,134,1096.32,RISK
10,55,1095.42,BEST
19,62,1094.59,RISK
26,49,1093.94,RISK
28,60,1093.68,RISK
78,68,1090.24,RISK
57,23,1090.14,RISK
32,61,1086.92,RISK
19,176,1082.81,NEW
12,215,1082.33,NEW
153,97,1081.26,RISK
76,69,1080.76,RISK
95,63,1080.52,RISK
39,42,1079.66,RISK
11,32,1079.61,BEST
157,47,1078.96,RISK
12,63,1078.23,BEST
54,19,1077.74,RISK
40,299,1074.81,RISK
23,44,1073.3,BEST
9,53,1072.36,BEST
29,50,1071.99,RISK
11,98,1071.91,NEW
1,418,1071.73,NEW
27,69,1071.49,RISK
68,62,1071.03,RISK
2,73,1070.71,NEW
50,70,1070.65,RISK
4,62,1070.48,NEW
90,9,1070.48,LOST
4,172,1068.87,NEW
49,128,1068.82,RISK
12,291,1067.75,NEW
31,35,1066.15,RISK
228,69,1065.35,RISK
68,46,1064.28,RISK
9,63,1064.07,BEST
46,64,1063.95,RISK
17,62,1063.9,BEST
311,14,1063,LOST
171,44,1062.75,RISK
3,58,1060.76,NEW
64,55,1060.56,RISK
15,66,1060.25,BEST
15,70,1059.39,BEST
60,101,1059.12,RISK
11,64,1058.89,BEST
17,65,1054.73,BEST
11,202,1051.79,NEW
26,71,1051.4,RISK
39,57,1049.7,RISK
33,62,1048.49,RISK
46,263,1048.28,RISK
241,21,1047.11,LOST
34,148,1046.74,RISK
338,155,1044.65,RISK
16,144,1043.64,NEW
65,45,1043.46,RISK
10,54,1043.41,BEST
15,60,1041.68,BEST
22,64,1041.61,RISK
8,55,1041.48,BEST
27,127,1040.38,RISK
247,123,1038.44,RISK
94,58,1037.59,RISK
3,97,1036.58,NEW
51,18,1035.45,RISK
74,40,1033.34,RISK
169,98,1033.06,RISK
71,40,1033,RISK
1,82,1031.41,NEW
212,58,1031.07,RISK
157,36,1030.4,RISK
86,28,1030.14,RISK
208,16,1028.56,LOST
255,81,1028.46,RISK
5,30,1028,BEST
65,20,1025.44,RISK
2,69,1025.44,NEW
15,48,1022.13,BEST
9,20,1021.69,BEST
121,60,1021.58,RISK
19,199,1021.5,NEW
46,42,1021.48,RISK
99,53,1019.76,RISK
157,15,1019.52,LOST
5,147,1019.27,NEW
3,56,1018.71,NEW
37,63,1016.14,RISK
30,29,1013.01,BEST
72,181,1012.19,RISK
202,7,1012,LOST
87,47,1010.6,RISK
1,277,1010.35,NEW
31,48,1010.29,RISK
52,71,1010.18,RISK
116,84,1010.11,RISK
110,113,1009.73,RISK
127,57,1009.6,RISK
126,23,1009.55,RISK
51,41,1006.98,RISK
11,67,1006.8,BEST
57,39,1006.56,RISK
31,60,1005.09,RISK
31,67,1004.38,RISK
101,56,1004.27,RISK
36,55,1003.38,RISK
24,28,1003.06,BEST
189,92,1000.27,RISK
117,61,1000.16,RISK
24,35,996.1,BEST
197,67,993.54,RISK
85,50,993.18,RISK
18,60,992.5,BEST
92,60,991.13,RISK
44,37,990.88,RISK
61,69,990.2,RISK
152,248,989.45,RISK
71,57,987.86,RISK
3,61,987.1,NEW
6,302,986.96,NEW
1,48,984.57,NEW
52,10,984.5,BEST
128,29,982.42,RISK
94,26,982.07,RISK
45,67,981.86,RISK
23,167,981.51,RISK
33,38,980.31,RISK
9,44,979.72,BEST
16,40,979.12,BEST
18,52,977.93,BEST
213,57,977.77,RISK
1,40,975.36,NEW
9,122,974.96,NEW
24,17,974.54,BEST
26,60,974.52,RISK
4,61,974.42,NEW
82,7,973.84,LOST
22,82,972.11,RISK
23,161,972.08,RISK
18,65,971.74,BEST
5,14,969.1,BEST
260,53,969.06,RISK
2,46,965.88,NEW
15,12,965.61,BEST
116,30,962.19,RISK
1,55,961.49,NEW
113,50,958.71,RISK
72,45,957.97,RISK
19,40,957.66,BEST
4,150,955.26,NEW
8,60,955.24,BEST
53,31,954.9,RISK
44,50,954.09,RISK
10,71,952.66,BEST
59,53,950.36,RISK
37,63,949.12,RISK
71,46,948.88,RISK
25,6,948.48,BEST
45,67,946.67,RISK
13,90,946.64,BEST
3,24,946.46,BEST
29,57,945.33,RISK
59,31,944.13,RISK
269,9,944.1,LOST
3,59,942.34,NEW
5,43,942.26,BEST
29,58,939.78,RISK
54,47,939.37,RISK
80,28,936.08,RISK
4,66,935.05,NEW
92,4,935,LOST
92,16,934.62,RISK
88,30,933.7,RISK
26,200,933.26,RISK
114,56,932.97,RISK
236,64,932.85,RISK
212,1,931.5,LOST
55,61,931.03,RISK
32,104,931.02,RISK
6,67,930.28,BEST
72,42,925.85,RISK
184,50,925.71,RISK
118,43,925.35,RISK
75,47,924.85,RISK
52,13,924.6,BEST
16,43,924.15,BEST
9,21,922.53,BEST
94,55,922.39,RISK
96,32,922.12,RISK
264,31,922.1,RISK
74,27,921.88,RISK
38,43,921.37,RISK
41,16,920.1,BEST
130,22,919.61,RISK
22,159,918.33,RISK
26,51,918.2,RISK
16,53,918.2,BEST
53,20,917.34,RISK
29,25,917.07,BEST
35,205,916.98,RISK
13,105,916.13,NEW
3,40,915.13,BEST
267,37,914.93,RISK
23,149,914.69,RISK
50,9,913.68,BEST
96,29,913.19,RISK
102,52,913.13,RISK
19,55,912.18,BEST
95,63,911.94,RISK
9,47,911.26,BEST
63,6,910,LOST
13,113,908.86,NEW
80,28,908.46,RISK
15,195,906.52,NEW
50,48,903.9,RISK
81,51,901.2,RISK
267,2,901.2,LOST
12,158,900.53,NEW
55,96,899.69,RISK
196,53,899.63,RISK
11,179,899.26,NEW
176,103,896.74,RISK
41,40,895.13,RISK
53,42,893.59,RISK
10,104,891.21,NEW
73,59,891.12,RISK
67,47,890.85,RISK
30,42,890.34,RISK
51,52,889.93,RISK
30,74,887.67,RISK
17,79,887.11,BEST
32,133,886.7,RISK
3,33,885.47,BEST
169,31,885.19,RISK
76,98,884.14,RISK
4,226,882.72,NEW
30,49,882.24,RISK
29,116,881.29,RISK
86,52,881.26,RISK
138,48,881.07,RISK
173,49,880.85,RISK
79,148,877.56,RISK
93,6,877.44,LOST
232,52,876.42,RISK
10,217,875.17,NEW
16,23,874.98,BEST
5,35,874.59,BEST
10,192,874.43,NEW
190,54,873.74,RISK
1,42,870.12,NEW
19,46,870.09,BEST
73,54,869.87,RISK
8,142,869.77,NEW
10,57,869.46,BEST
32,102,869.28,RISK
138,52,868.49,RISK
25,71,867.38,RISK
41,46,867.31,RISK
1,22,867.19,BEST
11,47,866.24,BEST
194,35,865.6,RISK
25,55,865.06,RISK
41,124,862.5,RISK
74,61,861.89,RISK
201,54,860.12,RISK
13,123,859.71,NEW
18,43,859.43,BEST
19,113,859.27,RISK
41,169,856.84,RISK
59,61,855.45,RISK
270,39,855.02,RISK
236,47,854.99,RISK
95,27,854.95,RISK
9,48,854.79,BEST
57,204,854.66,RISK
68,42,853.39,RISK
12,82,852.88,BEST
12,121,852.39,NEW
22,33,852.15,BEST
17,46,851.01,BEST
12,196,849.06,NEW
18,126,848.22,RISK
11,85,847.45,BEST
240,66,847.41,RISK
12,156,846.62,NEW
162,44,845.55,RISK
22,84,843.64,RISK
15,50,843.48,BEST
11,5,843,BEST
169,9,842.65,LOST
85,48,842.5,RISK
27,57,841.41,RISK
26,48,841.2,BEST
36,25,841.08,BEST
23,25,840.21,BEST
17,49,839.14,BEST
8,39,837.5,BEST
42,52,837.1,RISK
254,54,836.79,RISK
38,42,836.06,RISK
58,54,835.78,RISK
25,55,834.57,RISK
18,77,834.12,BEST
178,62,833.78,RISK
68,26,830.76,RISK
21,81,829.89,RISK
18,57,827.83,BEST
297,50,826.53,RISK
26,100,826.36,RISK
69,101,824.58,RISK
17,34,822.48,BEST
298,21,821.1,LOST
64,142,820.23,RISK
17,90,819.96,BEST
78,21,819.29,RISK
115,51,817.86,RISK
23,127,817.12,RISK
212,33,816.73,RISK
1,50,815.77,NEW
216,78,814.47,RISK
133,7,814,LOST
4,62,813.52,BEST
52,29,813.48,RISK
57,27,813.11,RISK
31,103,812.68,RISK
166,30,811.45,RISK
28,132,811.23,RISK
177,6,810.6,LOST
81,48,810.57,RISK
26,190,808.44,RISK
19,83,807.57,RISK
267,48,806.41,RISK
281,89,804.74,RISK
52,99,804.3,RISK
123,47,804.02,RISK
166,232,803.54,RISK
72,46,801.51,RISK
6,123,801.12,NEW
37,127,800.67,RISK
12,27,800.59,BEST
117,43,799.9,RISK
35,55,798.74,RISK
122,82,798.46,RISK
6,132,798.35,NEW
11,51,797.96,BEST
19,37,797.07,BEST
77,51,795.12,RISK
58,66,794.64,RISK
44,52,792.11,RISK
19,65,791.33,BEST
57,72,790.86,RISK
73,47,789.89,RISK
8,42,789.79,BEST
85,16,788.38,LOST
3,21,787.85,BEST
7,59,787.6,BEST
20,141,786.83,RISK
60,47,786.54,RISK
46,45,786.28,RISK
46,31,784.58,RISK
63,38,784.33,RISK
56,125,783.97,RISK
145,70,783.9,RISK
34,84,781.91,RISK
5,44,781.78,BEST
24,110,781.28,RISK
156,53,781.03,RISK
10,49,780.59,BEST
22,111,780.43,RISK
57,30,779.9,RISK
12,41,778.94,BEST
89,37,778.65,RISK
37,53,778.5,RISK
44,6,778,LOST
32,4,777.6,BEST
84,49,777.53,RISK
33,45,776.851,RISK
16,86,775.96,BEST
2,62,775.94,NEW
261,42,775.85,RISK
39,28,775.18,BEST
10,39,774.9,BEST
37,39,773.99,RISK
318,122,773.55,RISK
78,27,773.03,RISK
51,71,772.55,RISK
185,13,771.85,LOST
43,43,770.03,RISK
89,108,769.81,RISK
88,95,769.33,RISK
76,53,769.29,RISK
22,49,769.16,BEST
80,42,768.24,RISK
27,11,765.71,BEST
235,61,765.55,RISK
132,35,765.34,RISK
132,15,765.32,LOST
15,135,764.88,RISK
108,6,763.64,LOST
10,41,763.28,BEST
103,93,762.16,RISK
27,52,761.74,RISK
19,53,761.59,BEST
19,43,759.17,BEST
87,55,758.92,RISK
3,53,758.29,BEST
31,97,757.63,RISK
219,42,757.39,RISK
11,47,757.37,BEST
226,20,755.75,LOST
37,38,754.64,RISK
22,147,754.12,RISK
213,43,753.66,RISK
52,164,752.77,RISK
136,43,752.6,RISK
267,13,752.43,LOST
176,2,750,LOST
106,35,749.78,RISK
100,51,749.7,RISK
51,44,749.1,RISK
29,107,748.84,RISK
45,47,748.5,RISK
145,52,747.81,RISK
60,37,747.44,RISK
20,76,746.81,BEST
32,54,746.36,RISK
16,30,745.52,BEST
17,46,745.06,BEST
11,35,745.06,BEST
24,36,744.85,BEST
96,27,744.25,RISK
71,51,743.53,RISK
52,82,743.11,RISK
29,157,741.37,RISK
288,35,741.26,RISK
183,43,740.95,RISK
127,46,740.94,RISK
36,44,740.78,RISK
15,38,738.96,BEST
212,22,738.6,LOST
23,106,735.82,RISK
105,41,735.67,RISK
152,12,735.66,LOST
47,35,734.94,RISK
157,29,734.13,RISK
36,138,732.41,RISK
23,46,732.07,BEST
50,39,731.9,RISK
47,39,731.5,RISK
127,35,730.86,RISK
5,190,729.8,NEW
120,36,729.32,RISK
17,119,728.54,RISK
4,18,728.16,BEST
31,78,727.74,RISK
106,10,725.64,LOST
90,25,724.76,RISK
30,45,723.21,BEST
57,63,721.94,RISK
9,70,721.45,BEST
24,122,720.86,RISK
186,96,720.81,RISK
173,27,720.52,RISK
46,101,719.81,RISK
190,34,717.9,RISK
4,47,716.57,BEST
92,12,716.2,LOST
21,65,716,BEST
111,2,716,LOST
32,13,714.96,BEST
66,45,714.42,RISK
36,49,713.89,RISK
40,15,713.04,BEST
64,13,712.88,LOST
10,4,712.8,BEST
33,19,712.78,BEST
44,19,712.5,BEST
64,8,712.4,LOST
120,40,712.29,RISK
137,80,712.24,RISK
178,80,711.79,RISK
92,23,711.41,RISK
186,36,710.28,RISK
32,77,709.99,RISK
123,44,709.71,RISK
60,37,709.38,RISK
4,115,708.89,NEW
9,41,708.22,BEST
198,40,707.69,RISK
3,16,707.31,BEST
106,42,706.57,RISK
8,15,706.13,BEST
12,52,705.79,BEST
67,39,705.12,RISK
4,181,704.55,NEW
52,21,704.25,BEST
25,165,703.99,RISK
25,42,703.47,BEST
31,35,703.36,BEST
288,12,702,LOST
41,157,701.57,RISK
18,39,701.4,BEST
80,33,701.23,RISK
17,31,700.73,BEST
54,43,700.63,RISK
46,26,698.41,RISK
191,174,697.54,RISK
107,117,696.89,RISK
172,86,696.68,RISK
198,42,695.61,RISK
64,59,695.42,RISK
37,83,694.12,RISK
5,45,694.05,BEST
5,69,693.95,BEST
170,31,693.81,RISK
45,99,693.32,RISK
14,10,692.85,BEST
39,35,692.19,RISK
77,46,690.59,RISK
19,41,690.34,BEST
64,40,689.9,RISK
66,16,689.48,LOST
9,28,689.1,BEST
117,39,688.86,RISK
5,34,688.33,BEST
95,139,686.63,RISK
40,33,684.34,RISK
185,46,683.46,RISK
177,41,683.17,RISK
25,44,682.91,BEST
29,20,681.91,BEST
3,46,681.64,BEST
22,89,681.41,RISK
26,70,680.84,RISK
41,27,680.18,BEST
77,7,680.02,LOST
86,42,679.68,RISK
19,49,679.45,BEST
7,30,679.44,BEST
93,41,678.25,RISK
96,123,678.16,RISK
131,35,677.1,RISK
9,43,676.99,BEST
267,5,676.2,LOST
75,49,675.8,RISK
60,27,675.69,RISK
19,200,675.56,RISK
40,97,675.51,RISK
82,12,675.3,LOST
122,79,674.89,RISK
122,32,674.7,RISK
58,41,674.68,RISK
178,35,674.52,RISK
176,39,674.45,RISK
47,107,673.26,RISK
12,36,672.83,BEST
91,24,671.96,RISK
21,21,668.56,BEST
72,34,668.43,RISK
71,45,667.65,RISK
3,20,666.1,BEST
159,90,665.78,RISK
3,142,664.34,NEW
45,66,664.26,RISK
6,146,664.11,NEW
192,33,664,RISK
6,37,663.81,BEST
85,42,663.61,RISK
68,48,661.52,RISK
23,45,661.32,BEST
275,2,660,LOST
28,35,659.46,BEST
33,25,659.41,BEST
33,34,658.88,BEST
36,26,658.64,BEST
135,10,657.9,LOST
74,48,657.8,RISK
43,111,657.3,RISK
49,33,657.23,RISK
8,99,657.16,BEST
16,18,656.69,BEST
64,14,656.68,LOST
46,27,656.63,BEST
12,55,656.61,BEST
39,40,656.25,RISK
85,23,655.75,RISK
25,47,655.58,BEST
46,84,654.67,RISK
67,101,653.75,RISK
115,38,653.38,RISK
135,38,653.35,RISK
11,35,653.33,BEST
149,31,653.3,RISK
85,37,653.24,RISK
4,110,653.19,NEW
151,4,652.8,LOST
11,33,652.74,BEST
17,95,652.68,BEST
22,57,651.47,BEST
45,66,650.75,RISK
12,57,650.43,BEST
39,42,650.41,RISK
21,81,650.32,BEST
22,86,648.89,RISK
3,88,648.26,NEW
25,190,647.56,RISK
40,57,646.92,RISK
38,138,646.83,RISK
52,52,646.76,RISK
27,206,646.42,RISK
37,32,646.3,BEST
119,20,645.65,LOST
139,14,644.3,LOST
60,105,643.9,RISK
75,98,643.76,RISK
17,39,642.8,BEST
170,41,642.41,RISK
43,141,642.32,RISK
157,22,642.02,LOST
10,39,641.94,BEST
211,20,641.92,LOST
5,28,640.83,BEST
1,20,640.76,BEST
117,13,640.14,LOST
204,24,639.5,LOST
31,87,639.02,RISK
57,39,638.06,RISK
45,41,638.05,RISK
61,46,637.5,RISK
165,30,636.51,RISK
20,98,636.24,RISK
99,51,636.14,RISK
302,120,636.12,RISK
6,10,635.68,BEST
211,15,635.66,LOST
19,31,635.41,BEST
27,27,632.97,BEST
247,21,632.4,LOST
227,37,632.07,RISK
6,96,632,BEST
155,22,631.9,LOST
60,36,631.89,RISK
65,34,631.57,RISK
22,21,631.35,BEST
86,37,631.34,RISK
45,95,631.12,RISK
237,29,630.84,LOST
31,35,629.31,BEST
15,6,628.78,BEST
107,15,628.38,LOST
86,36,627.16,RISK
149,42,626.77,RISK
285,38,626.65,RISK
12,33,626.45,BEST
58,134,626.3,RISK
24,171,625.42,RISK
45,95,623.93,RISK
240,28,623.5,LOST
257,29,623.4,LOST
213,76,623.28,RISK
169,34,623.16,RISK
290,40,622.88,RISK
154,29,622.85,RISK
116,27,621.83,RISK
29,31,621.75,BEST
9,57,621.68,BEST
87,5,621.66,LOST
75,49,621.29,RISK
12,97,621.09,BEST
88,30,620.4,RISK
70,30,618.59,RISK
22,35,618.09,BEST
104,81,618.09,RISK
22,151,617.15,RISK
191,11,617.05,LOST
18,37,616.26,BEST
158,17,616.15,LOST
26,126,615.49,RISK
38,41,615.14,RISK
15,18,614.66,BEST
212,34,612.78,RISK
36,164,612.72,RISK
51,16,612.08,BEST
113,31,612.06,RISK
19,52,612.01,BEST
219,18,611.88,LOST
199,23,611.85,LOST
219,38,610.59,RISK
150,42,610.01,RISK
36,28,609.85,BEST
257,89,609.4,RISK
2,171,609.3,NEW
109,23,608.79,LOST
24,106,607.53,RISK
3,35,606.91,BEST
218,26,605.8,LOST
130,28,605.64,RISK
262,88,605.58,RISK
58,40,605.34,RISK
74,43,605.12,RISK
115,36,605.06,RISK
19,43,604.64,BEST
36,30,604.51,BEST
32,28,603.75,BEST
260,71,602.63,RISK
75,44,602.51,RISK
72,4,601.56,LOST
66,28,601.04,RISK
26,42,600.07,BEST
14,136,599.48,BEST
24,128,598.73,RISK
4,26,598.57,BEST
71,11,598.49,LOST
23,27,598.2,BEST
31,34,597.91,BEST
157,30,597.09,RISK
214,8,596.85,LOST
22,50,596.76,BEST
16,97,596.36,BEST
18,89,596.26,BEST
24,4,596.1,BEST
96,81,596.09,RISK
120,39,595.67,RISK
26,19,595.42,BEST
31,32,595.25,BEST
6,169,594.52,NEW
123,148,594.39,RISK
47,18,594.24,BEST
79,90,594.04,RISK
128,2,594,LOST
249,2,594,LOST
5,31,593.75,BEST
82,37,592.97,RISK
33,33,592.06,BEST
137,68,591.55,RISK
32,97,591.19,RISK
64,30,590.93,RISK
259,2,590,LOST
27,11,589.7,BEST
197,25,588.85,LOST
161,31,588.22,RISK
117,34,588.13,RISK
36,27,587.15,BEST
323,91,586.89,RISK
203,57,585.12,RISK
319,5,585,LOST
90,33,584.5,RISK
288,23,584.32,LOST
7,31,584.07,BEST
28,34,584.06,BEST
65,37,583.75,RISK
8,72,583.43,BEST
19,29,582.6,BEST
312,21,580.05,LOST
239,15,579,LOST
39,31,578.94,BEST
25,25,578.9,BEST
12,201,578.71,NEW
73,28,578.7,RISK
60,213,578.61,RISK
91,42,576.4,RISK
38,39,576,BEST
4,61,575.63,BEST
58,34,575.4,RISK
40,62,575.35,RISK
149,25,574.7,LOST
24,34,574.44,BEST
66,86,574.07,RISK
290,31,574.02,LOST
45,10,573.22,BEST
26,97,572.56,RISK
74,27,572.451,RISK
146,80,571.71,RISK
61,18,571.25,LOST
44,62,570.96,RISK
64,37,570.5,RISK
23,45,568.55,BEST
17,125,568.24,BEST
72,11,567.36,LOST
68,52,567.18,RISK
59,93,566.86,RISK
32,37,566.58,BEST
100,23,566.38,LOST
44,37,565.46,RISK
24,27,564.62,BEST
214,39,564.17,RISK
1,26,563.94,BEST
1,44,563.23,BEST
87,30,563.15,RISK
211,29,562.79,LOST
39,50,562.59,RISK
79,11,561.57,LOST
243,34,560.67,LOST
291,33,560.47,LOST
51,29,559.97,RISK
197,33,559.87,LOST
313,47,559.61,RISK
82,86,559.59,RISK
3,38,558.96,BEST
74,28,558.7,RISK
310,33,558.32,LOST
35,158,557.94,RISK
61,8,557.62,LOST
199,19,557.3,LOST
13,90,554.85,BEST
148,33,554.38,RISK
9,16,553.44,BEST
46,104,553.36,RISK
94,27,552.13,RISK
308,1,550.8,LOST
139,122,550.01,RISK
86,41,549.46,RISK
127,58,549.28,RISK
110,54,548.12,RISK
92,98,547.9,RISK
46,29,547.66,BEST
5,28,547.07,BEST
31,35,547.06,BEST
89,23,547.02,LOST
29,68,547,RISK
54,30,546.81,RISK
15,46,546.4,BEST
46,26,546.2,BEST
11,43,546.04,BEST
88,28,544.3,RISK
40,44,544.18,RISK
75,13,544.08,LOST
116,6,543.05,LOST
41,46,542.73,RISK
190,35,542.03,RISK
40,36,541.53,BEST
14,34,541.46,BEST
358,18,540.45,LOST
50,24,538.55,BEST
7,41,538.46,BEST
16,32,537.48,BEST
55,63,537.06,RISK
31,3,537,LOST
23,60,536.99,BEST
250,37,535.34,LOST
107,31,534.85,RISK
330,35,534.57,LOST
107,141,534.31,RISK
74,10,534.24,LOST
122,4,533.98,LOST
214,41,533.3,RISK
172,20,532.94,LOST
37,123,531.35,RISK
301,23,530.15,LOST
134,47,529.73,RISK
98,6,529.62,LOST
17,31,529.41,BEST
30,56,528.48,BEST
2,39,528.33,BEST
36,29,528.08,BEST
61,191,528.01,RISK
33,33,527.05,BEST
2,123,525.17,NEW
128,39,524.92,RISK
9,52,524.88,BEST
36,28,524.14,BEST
14,33,523.11,BEST
81,3,523,LOST
45,29,522.91,BEST
52,5,521.2,LOST
134,23,520.8,LOST
15,83,519.69,BEST
210,28,519.68,LOST
31,28,519.44,BEST
72,24,518.42,RISK
72,7,518.28,LOST
51,94,518.27,RISK
1,97,518.19,NEW
263,21,517.55,LOST
192,61,517.53,RISK
36,32,517.36,BEST
273,13,516.42,LOST
36,35,515.77,BEST
238,33,514.15,LOST
174,26,513.7,LOST
308,28,513.24,LOST
72,6,513.2,LOST
4,96,513.01,BEST
74,10,512.31,LOST
78,29,511.82,RISK
227,60,511.68,RISK
23,28,511.35,BEST
60,29,511.34,RISK
6,31,511.12,BEST
31,53,510.71,BEST
85,28,508.8,RISK
164,3,508.8,LOST
65,24,508.58,RISK
117,7,508.46,LOST
79,14,507.84,LOST
40,41,507.66,BEST
21,29,507.29,BEST
39,101,507.05,RISK
189,28,506.8,LOST
13,104,506.51,BEST
183,26,506.19,LOST
292,83,505.82,RISK
77,39,505.18,RISK
23,31,503.76,BEST
170,26,503.6,LOST
173,72,502.9,RISK
58,30,501.56,RISK
312,29,501.39,LOST
3,93,501.28,BEST
138,30,501.14,LOST
18,25,501.12,BEST
15,33,500.42,BEST
172,1,500,LOST
41,42,499.42,BEST
61,19,499.32,LOST
71,7,498.95,LOST
33,29,498.8,BEST
46,26,498.74,BEST
131,13,498.48,LOST
101,30,498.42,RISK
302,81,498.1,RISK
96,26,497.61,LOST
8,27,497.56,BEST
64,28,496.44,RISK
18,71,496.06,BEST
219,28,495.77,LOST
313,28,494.64,LOST
18,28,494.44,BEST
86,28,494.25,RISK
332,29,492.65,LOST
28,33,491.86,BEST
48,77,490.52,RISK
2,126,490.33,NEW
22,14,490.22,BEST
13,72,488.76,BEST
49,29,488.2,BEST
291,19,487.75,LOST
246,27,487.51,LOST
158,19,487.02,LOST
151,25,486.82,LOST
18,19,486.72,BEST
22,20,486.69,BEST
6,15,486.22,BEST
246,28,484.95,LOST
23,23,484.82,BEST
32,10,484.8,BEST
61,40,484.32,RISK
147,41,483.73,RISK
78,5,483.4,LOST
181,40,483.25,RISK
75,34,482.47,RISK
31,26,481.75,BEST
46,67,481.49,RISK
319,66,480.91,RISK
68,30,480.71,RISK
51,132,480.38,RISK
20,105,480.31,BEST
2,69,479.91,BEST
361,15,479.35,LOST
24,33,478.78,BEST
8,83,478.65,BEST
256,29,478.53,LOST
48,54,478.09,RISK
69,59,477.86,RISK
71,25,477.83,RISK
207,31,477.79,LOST
55,26,476.91,BEST
358,30,476.35,LOST
172,45,475.86,RISK
24,9,475.8,BEST
309,29,475.37,LOST
184,29,475.28,LOST
110,34,473.02,RISK
8,26,471.78,BEST
12,84,471.4,BEST
24,48,470.8,BEST
20,28,470.76,BEST
303,17,470.36,LOST
80,61,469,RISK
29,19,468.91,BEST
22,46,468.41,BEST
50,23,467.98,BEST
63,15,467.66,LOST
51,24,467.51,BEST
66,109,466.73,RISK
17,24,466.7,BEST
212,28,466.12,LOST
25,83,465.88,BEST
125,26,465.68,LOST
47,1,464.9,LOST
11,27,464.57,BEST
249,8,463.95,LOST
158,71,463.91,RISK
50,6,463.8,LOST
42,30,463.46,BEST
207,30,463.38,LOST
288,23,462.95,LOST
124,28,462.66,LOST
12,43,461.19,BEST
16,26,460.64,BEST
174,98,460.59,RISK
29,23,460.58,BEST
2,108,459.44,NEW
71,33,459.24,RISK
365,26,458.92,LOST
51,28,458.57,BEST
255,49,458.47,RISK
215,26,457.81,LOST
50,28,457.72,BEST
192,26,457.34,LOST
196,28,455.88,LOST
101,12,455.59,LOST
177,31,455.3,LOST
190,30,455.25,LOST
2,73,454.48,BEST
233,23,454.24,LOST
247,18,454.12,LOST
77,29,454.11,RISK
24,49,454.01,BEST
9,34,453.4,BEST
67,24,452.89,LOST
71,28,451.44,RISK
143,1,451.42,LOST
11,29,450.84,BEST
15,96,450.41,BEST
138,15,449.73,LOST
105,14,449.52,LOST
66,8,449.12,LOST
5,50,448.9,BEST
55,27,447.68,BEST
21,4,446.94,BEST
221,28,446.62,LOST
73,33,446.18,RISK
59,19,444.74,LOST
23,22,444.68,BEST
6,116,444.16,BEST
51,16,443.6,BEST
70,23,443.05,LOST
93,19,443,LOST
8,34,441.16,BEST
225,28,440,LOST
326,1,440,LOST
25,1,440,LOST
1,25,439.92,BEST
30,28,439.66,BEST
96,46,439.58,RISK
64,23,439.56,LOST
4,31,439.43,BEST
269,29,439.03,LOST
74,33,437.96,RISK
196,22,437.7,LOST
299,38,436.18,LOST
37,29,436.06,BEST
139,19,435.02,LOST
283,58,434.59,RISK
3,30,434.35,BEST
110,16,434.34,LOST
12,100,433.86,BEST
246,28,433.53,LOST
78,20,432.2,LOST
67,1,432,LOST
51,16,430.5,BEST
6,25,430.15,BEST
38,26,429.84,BEST
30,30,429.84,BEST
239,23,429.6,LOST
72,119,429.56,RISK
60,55,428.93,RISK
65,23,428.89,LOST
32,42,428.89,BEST
40,13,427.93,BEST
165,96,427.64,RISK
67,21,426.63,LOST
213,16,426.6,LOST
134,25,425.32,LOST
20,46,424.89,BEST
8,16,423.36,BEST
360,9,422.7,LOST
61,21,422.64,LOST
76,13,422.6,LOST
46,6,422.58,LOST
100,59,422.24,RISK
59,24,422.2,BEST
330,37,421.9,LOST
75,19,420.5,LOST
10,9,420.3,BEST
84,5,419.58,LOST
362,7,418.92,LOST
22,110,418.68,BEST
17,86,418.4,BEST
253,24,417.95,LOST
3,35,417.77,BEST
319,23,417.69,LOST
53,1,417.6,LOST
145,24,417.38,LOST
297,22,417.35,LOST
307,56,417.27,RISK
283,41,417.2,LOST
103,28,417.06,LOST
93,15,416.9,LOST
239,12,416.86,LOST
131,54,416.85,RISK
239,16,416.64,LOST
158,22,416.08,LOST
51,8,415.82,LOST
46,26,415.82,BEST
78,25,415.8,LOST
15,32,415.25,BEST
68,15,415.2,LOST
12,57,415.13,BEST
232,1,415,LOST
170,74,414.87,RISK
23,27,414.76,BEST
1,97,414.3,NEW
55,32,414.27,BEST
57,19,414.2,LOST
65,21,414.04,LOST
49,28,413.59,BEST
228,24,413.46,LOST
107,23,413.2,LOST
206,26,412.78,LOST
84,10,412.01,LOST
117,25,411.7,LOST
14,19,411.41,BEST
84,23,410.48,LOST
267,22,409.98,LOST
305,85,409.93,RISK
58,92,409.8,RISK
260,18,409.57,LOST
31,13,409.5,BEST
234,23,409.4,LOST
34,51,409.1,BEST
39,28,408.9,BEST
24,2,408.8,LOST
59,58,408.65,RISK
74,60,408.63,RISK
128,111,408.59,RISK
134,65,408.36,RISK
19,72,408.02,BEST
60,38,407.66,RISK
66,16,406.53,LOST
236,21,406.48,LOST
130,24,406.09,LOST
243,3,406.08,LOST
7,129,405.47,BEST
161,28,405.38,LOST
112,18,404.58,LOST
218,3,404.4,LOST
174,25,404.3,LOST
313,43,403.3,LOST
32,94,403.12,RISK
29,62,402.2,BEST
45,7,401.4,LOST
5,11,400.86,BEST
75,15,400.681,LOST
199,69,400.1,RISK
37,24,399.65,BEST
3,21,399.19,BEST
28,83,399.09,BEST
2,23,398.7,BEST
33,56,397.99,BEST
60,24,397.98,BEST
23,80,397.68,BEST
27,82,397.35,BEST
133,21,397.29,LOST
60,25,397.12,BEST
53,26,396.97,BEST
261,24,396.87,LOST
2,49,396.48,BEST
40,37,396.33,BEST
63,39,395.8,RISK
78,11,394.72,LOST
246,20,394.44,LOST
25,19,394.38,BEST
186,31,394.14,LOST
64,23,393.74,LOST
8,18,393.72,BEST
22,25,393.65,BEST
46,20,393.54,BEST
309,21,393.49,LOST
306,25,393.33,LOST
280,123,392.86,RISK
246,79,392.4,RISK
65,24,391.98,LOST
277,9,391.52,LOST
243,28,390.54,LOST
153,21,389.78,LOST
11,78,389.72,BEST
44,5,389.64,LOST
120,23,389.6,LOST
288,20,389.5,LOST
71,20,389.28,LOST
38,22,389.27,BEST
26,128,388.95,RISK
47,24,388.58,BEST
16,19,388.52,BEST
169,14,388.5,LOST
254,17,388.45,LOST
65,19,388.25,LOST
4,33,387.68,BEST
99,29,387.52,LOST
19,60,387.44,BEST
12,82,386.69,BEST
274,15,386.53,LOST
51,17,386.43,BEST
57,98,386.32,RISK
281,41,386.15,LOST
330,20,386.05,LOST
145,59,385.64,RISK
11,23,385.1,BEST
39,26,384.96,BEST
24,44,384.39,BEST
23,50,384.18,BEST
54,13,384.08,LOST
61,22,384.06,LOST
159,28,383.85,LOST
106,60,383.75,RISK
55,62,383.68,RISK
223,17,383.45,LOST
254,17,383.34,LOST
32,27,383.03,BEST
313,15,382.5,LOST
11,16,382.14,BEST
4,56,381.97,BEST
308,23,381.32,LOST
67,24,381.2,LOST
84,11,380.64,LOST
29,25,380.6,BEST
276,24,380.5,LOST
12,22,380.35,BEST
5,72,380.13,BEST
47,45,380.02,BEST
15,21,379.65,BEST
165,49,379.65,RISK
44,26,379.45,BEST
93,18,379.35,LOST
72,18,379.14,LOST
26,53,378.89,BEST
90,23,378.64,LOST
36,28,378.2,BEST
65,39,377.64,RISK
9,25,377.44,BEST
24,79,376.72,BEST
59,29,376.64,BEST
180,26,376.58,LOST
9,20,375.35,BEST
125,12,375.1,LOST
134,22,375,LOST
64,52,374.7,RISK
248,12,374.57,LOST
282,4,374,LOST
66,16,373.94,LOST
141,20,373.87,LOST
42,22,372.8,BEST
4,50,372.55,BEST
30,20,372.22,BEST
169,20,371.89,LOST
75,25,371.62,LOST
113,76,371.56,RISK
60,71,371.54,RISK
19,19,371.2,BEST
84,24,371.01,LOST
213,5,370.8,LOST
65,22,369.34,LOST
207,20,369.2,LOST
159,56,367.63,RISK
24,41,366.85,BEST
9,39,366.23,BEST
24,87,365.98,BEST
18,48,365.76,BEST
360,19,365.45,LOST
25,16,365.4,BEST
361,18,365.27,LOST
253,18,364.8,LOST
17,19,364.72,BEST
87,21,364.5,LOST
37,18,364.22,BEST
23,6,363.9,BEST
98,58,363.79,RISK
297,13,363.7,LOST
77,42,363.65,RISK
288,19,363.65,LOST
50,17,363.34,BEST
29,56,363.2,BEST
247,23,362.95,LOST
54,34,362.06,BEST
33,67,361.96,BEST
11,20,361.62,BEST
260,38,361.54,LOST
139,22,361.22,LOST
156,42,361.11,LOST
303,58,360.81,LOST
61,85,360.16,RISK
7,57,360.01,BEST
1,2,360,BEST
134,21,358.82,LOST
147,1,358.56,LOST
227,38,358.38,LOST
81,2,358,LOST
207,10,357.98,LOST
38,41,357.21,BEST
19,19,357.2,BEST
166,17,356.98,LOST
88,7,356.85,LOST
122,6,356,LOST
33,92,355.73,RISK
58,10,355.56,LOST
59,27,355.56,BEST
113,15,355.11,LOST
44,48,355.05,BEST
214,5,354.12,LOST
267,27,354.09,LOST
94,22,353.48,LOST
178,19,353.43,LOST
9,12,353.27,BEST
53,12,352.7,LOST
12,26,352.69,BEST
17,111,351.73,BEST
33,74,351.44,BEST
358,25,351.3,LOST
54,20,351.13,BEST
14,21,350.9,BEST
157,98,350.82,RISK
241,23,350.75,LOST
11,35,350.08,BEST
75,25,349.7,LOST
204,19,349.55,LOST
310,21,349.27,LOST
189,8,349.1,LOST
75,21,348.99,LOST
117,86,348.91,RISK
4,45,348.8,BEST
282,14,348.2,LOST
212,18,348.15,LOST
44,46,348.1,BEST
1,15,347.75,BEST
19,46,347.08,BEST
191,11,346.98,LOST
25,18,346.12,BEST
28,21,345.82,BEST
25,20,345.46,BEST
162,9,345.3,LOST
82,22,345,LOST
266,20,344.9,LOST
77,39,344.33,RISK
332,29,344.14,LOST
10,2,344,BEST
270,22,343.62,LOST
2,18,343.5,BEST
36,17,343.45,BEST
143,2,343.23,LOST
180,45,342.83,LOST
4,20,342.45,BEST
3,59,342.24,BEST
51,22,341.7,BEST
70,8,341.36,LOST
18,21,340.11,BEST
200,30,339.6,LOST
113,22,339.44,LOST
165,3,339.3,LOST
236,19,338.95,LOST
67,15,338.71,LOST
31,17,338.55,BEST
91,21,337.74,LOST
134,14,337.44,LOST
58,17,337.34,LOST
24,47,337.28,BEST
52,15,337.04,LOST
249,13,336.96,LOST
19,15,336.4,BEST
11,3,336.4,BEST
217,29,336.13,LOST
44,14,335.86,BEST
107,6,335.52,LOST
260,23,335.32,LOST
45,92,335.03,RISK
212,40,334.54,LOST
85,57,334.53,RISK
7,62,334.48,BEST
191,40,334.23,LOST
155,17,333.97,LOST
268,5,333.74,LOST
29,20,333.48,BEST
274,23,333.08,LOST
26,20,332.66,BEST
37,26,332.64,BEST
334,19,332.41,LOST
65,24,332.3,LOST
50,15,331.95,LOST
310,29,331.24,LOST
225,20,331.18,LOST
25,17,331,BEST
186,3,331,LOST
324,11,330.9,LOST
303,20,330.79,LOST
33,18,330.45,BEST
170,22,330.11,LOST
51,27,330.03,BEST
12,34,330.03,BEST
10,17,329.85,BEST
143,9,329.65,LOST
130,14,329.6,LOST
185,18,329.57,LOST
262,22,329.56,LOST
4,75,329.36,BEST
75,23,329.34,LOST
31,22,329.25,BEST
278,11,328.8,LOST
65,27,328.65,LOST
16,43,328.58,BEST
24,19,328.4,BEST
319,24,328.35,LOST
249,18,328.2,LOST
239,20,328.16,LOST
35,19,328.15,BEST
199,24,327.97,LOST
122,16,327.7,LOST
69,48,327.6,RISK
19,18,327.3,BEST
262,13,327.25,LOST
1,37,326.75,BEST
178,47,326.6,LOST
201,1,326.4,LOST
45,21,326.24,BEST
29,52,325.96,BEST
39,23,325.91,BEST
312,21,325.75,LOST
277,6,325.1,LOST
67,23,324.8,LOST
35,22,324.57,BEST
61,62,324.24,RISK
43,21,324.24,BEST
81,21,323.69,LOST
40,5,323.52,LOST
173,24,323.03,LOST
177,13,323,LOST
154,33,322.96,LOST
79,20,322.8,LOST
75,15,322.41,LOST
18,1,322.08,LOST
358,14,322.08,LOST
50,14,321.92,LOST
180,70,321.43,RISK
299,15,321.05,LOST
264,12,320.62,LOST
185,21,320.58,LOST
17,13,320.46,BEST
189,21,319.02,LOST
8,13,319,BEST
96,47,318.76,RISK
120,69,318.65,RISK
15,22,318.17,BEST
42,52,318.15,BEST
75,10,318,LOST
79,15,317.76,LOST
9,8,317.53,BEST
127,37,317.2,LOST
283,7,317.15,LOST
40,12,316.88,BEST
74,22,316.68,LOST
97,13,316.62,LOST
357,9,316.58,LOST
15,54,316.5,BEST
312,18,316.26,LOST
15,108,316.25,BEST
165,18,316.11,LOST
26,72,315.65,BEST
155,18,315.06,LOST
64,11,315.06,LOST
11,19,314.69,BEST
237,19,314.45,LOST
225,6,314.22,LOST
304,11,314.1,LOST
241,8,313.8,LOST
113,6,313.62,LOST
65,9,312.98,LOST
127,22,312.95,LOST
4,33,312.62,BEST
57,19,312.54,LOST
283,18,312.38,LOST
216,57,312.28,LOST
239,35,312.23,LOST
150,11,311.92,LOST
334,29,311.71,LOST
79,20,311.69,LOST
163,12,311.65,LOST
20,83,311.61,BEST
295,17,311.55,LOST
213,16,311.3,LOST
185,15,311.26,LOST
50,17,311.16,LOST
70,21,310.62,LOST
274,19,310.47,LOST
243,20,310.26,LOST
310,37,310.06,LOST
246,10,310.05,LOST
317,5,309.8,LOST
18,18,309.65,BEST
192,15,309.54,LOST
243,14,309.52,LOST
149,13,309.4,LOST
217,63,309.36,RISK
88,7,309.05,LOST
76,31,309.04,LOST
36,20,308.94,BEST
18,16,308.74,BEST
155,14,308.58,LOST
25,20,308.48,BEST
184,17,307.9,LOST
52,16,307.78,LOST
79,15,307.76,LOST
185,21,307.72,LOST
254,15,307.53,LOST
43,51,307.51,BEST
91,12,307.48,LOST
233,18,307.46,LOST
295,16,307.4,LOST
19,23,307.09,BEST
302,11,307.02,LOST
282,15,306.94,LOST
219,7,306.72,LOST
15,20,306.72,BEST
246,12,306.55,LOST
23,19,306.46,BEST
44,11,306.45,LOST
202,15,306.13,LOST
336,1,306,LOST
248,20,305.78,LOST
176,9,305.75,LOST
89,18,305.62,LOST
73,11,305.54,LOST
227,2,305.28,LOST
99,18,305.28,LOST
131,2,304.56,LOST
18,29,304.47,BEST
249,17,304.25,LOST
235,15,304.25,LOST
55,93,304.24,RISK
114,62,304.24,RISK
95,29,303.93,LOST
4,18,303.75,BEST
88,54,303.16,RISK
302,21,302.7,LOST
318,8,302.58,LOST
29,81,302.57,BEST
177,10,302.46,LOST
15,14,302.34,BEST
122,17,302.25,LOST
76,14,302.2,LOST
12,114,302.1,BEST
322,14,302,LOST
269,20,301.9,LOST
78,19,301.72,LOST
81,12,301.56,LOST
40,13,301.32,BEST
11,20,301.29,BEST
141,19,301.03,LOST
201,15,300.95,LOST
57,6,300.85,LOST
10,35,300.83,BEST
264,21,300.52,LOST
351,21,300.42,LOST
127,18,300.36,LOST
25,52,300.34,BEST
162,25,300.04,LOST
71,20,300.02,LOST
89,13,299.34,LOST
149,83,299.05,RISK
184,16,298.48,LOST
51,13,298.4,LOST
62,28,298.21,LOST
264,16,298.11,LOST
276,7,298,LOST
19,14,297,BEST
190,14,296.7,LOST
92,13,296.64,LOST
2,73,296.58,BEST
288,9,296.25,LOST
64,22,295.93,LOST
150,4,295,LOST
12,77,294.85,BEST
8,115,294.25,BEST
185,31,294.24,LOST
22,5,293.1,BEST
337,11,293,LOST
358,4,292.5,LOST
262,37,292.47,LOST
198,83,292.01,RISK
17,18,292,BEST
24,19,291.88,BEST
41,74,291.48,BEST
169,80,291.05,RISK
72,14,290.82,LOST
43,19,290.66,BEST
355,19,290.51,LOST
172,15,290.36,LOST
359,39,290.34,LOST
50,25,290.25,BEST
26,15,289.99,BEST
158,9,289.96,LOST
299,37,289.78,LOST
54,38,289.78,BEST
174,25,289.36,LOST
311,56,289.24,LOST
25,63,288.91,BEST
221,18,288.6,LOST
99,23,288.42,LOST
113,14,288.18,LOST
29,21,288.14,BEST
22,8,287.62,BEST
64,8,287.4,LOST
54,57,286.79,RISK
35,17,285.89,BEST
87,30,285.74,LOST
25,54,285.67,BEST
19,20,285.56,BEST
271,49,285.33,LOST
106,2,284.55,LOST
192,15,284.46,LOST
243,12,284.44,LOST
269,50,283.73,LOST
255,54,283.71,LOST
72,67,283.47,RISK
62,81,283.18,RISK
38,11,283.15,BEST
142,15,283.12,LOST
274,18,282.93,LOST
152,12,282.6,LOST
65,17,282.45,LOST
65,71,282.3,RISK
24,11,281.85,BEST
53,14,281.42,LOST
34,61,281.16,BEST
235,16,280.55,LOST
5,18,280.52,BEST
15,54,280.09,BEST
57,11,279.94,LOST
24,31,279.77,BEST
11,13,279.05,BEST
47,6,278.3,LOST
74,9,277.8,LOST
255,17,277.07,LOST
29,14,277.05,BEST
29,40,276.75,BEST
31,15,276.56,BEST
40,78,276.06,BEST
188,23,275.28,LOST
3,16,274.15,BEST
76,17,272.22,LOST
64,13,272.07,LOST
50,18,272.04,LOST
197,4,271.85,LOST
25,8,271.4,BEST
15,21,271.2,BEST
5,111,271.19,BEST
359,10,271.05,LOST
254,17,271,LOST
30,15,270.9,BEST
69,25,270.8,LOST
2,4,270.6,BEST
112,13,270.4,LOST
363,37,269.83,LOST
183,75,269.09,RISK
274,10,268.58,LOST
22,55,268.05,BEST
264,34,267.18,LOST
197,42,267.16,LOST
44,36,267.13,BEST
233,27,267.03,LOST
88,14,266.97,LOST
85,68,266.85,RISK
29,11,266.76,BEST
212,18,266.59,LOST
246,14,266.4,LOST
7,16,266.39,BEST
320,24,265.85,LOST
157,21,265.68,LOST
218,3,265.2,LOST
287,11,264.7,LOST
178,19,264.62,LOST
108,30,264.21,LOST
36,32,263.92,BEST
188,34,263.33,LOST
274,29,262.62,LOST
57,31,262.2,BEST
26,56,261.9,BEST
19,29,260.68,BEST
124,4,260.25,LOST
226,14,259.45,LOST
78,15,259.17,LOST
11,60,259.05,BEST
151,39,258.88,LOST
16,8,258.4,BEST
158,18,257.84,LOST
202,9,257.7,LOST
43,33,257.67,BEST
253,19,257.23,LOST
64,10,256.38,LOST
23,2,256.32,LOST
364,44,256.32,LOST
15,45,256.11,BEST
136,34,255.91,LOST
59,11,255.9,LOST
47,12,255.9,LOST
20,17,255.4,BEST
203,8,255.12,LOST
135,19,254.82,LOST
75,71,254.28,RISK
29,39,254.11,BEST
120,9,254.1,LOST
218,7,253.04,LOST
267,66,252.81,LOST
90,27,252.73,LOST
1,11,252.49,BEST
333,17,252.42,LOST
120,5,252.1,LOST
219,13,252.06,LOST
18,39,251.91,BEST
40,11,251.87,LOST
18,20,251.7,BEST
267,2,251.52,LOST
184,10,251.21,LOST
261,15,251.21,LOST
12,63,251.03,BEST
74,16,250.38,LOST
15,8,250.26,BEST
361,53,250.04,LOST
331,1,250,LOST
317,11,249,LOST
72,10,248.61,LOST
4,25,248.08,BEST
36,16,247.96,BEST
186,18,247.44,LOST
235,31,247.39,LOST
11,16,247.32,BEST
5,29,247.15,BEST
11,14,246.3,BEST
241,15,246.04,LOST
74,16,245.94,LOST
57,54,245.81,BEST
134,1,244.8,LOST
174,2,244.8,LOST
4,17,244.41,BEST
56,28,244.1,BEST
40,8,243.94,LOST
314,31,243.94,LOST
57,16,243.84,LOST
165,16,243.76,LOST
71,16,243.56,LOST
17,15,243.55,BEST
41,30,242.7,BEST
81,14,242.35,LOST
133,18,241.62,LOST
25,53,241.38,BEST
108,12,241.09,LOST
263,9,241.06,LOST
194,42,240.89,LOST
53,14,240.68,LOST
50,3,240.55,LOST
19,38,240.22,BEST
107,16,240,LOST
4,19,239.76,BEST
243,27,239.49,LOST
44,15,239.41,LOST
215,13,239.4,LOST
170,12,237.61,LOST
277,19,237.36,LOST
262,58,237.07,LOST
43,32,236.09,BEST
201,28,236.04,LOST
337,37,236.02,LOST
185,66,235.56,LOST
19,93,234.88,BEST
94,11,234.6,LOST
312,14,234.47,LOST
74,7,234.34,LOST
266,5,234.24,LOST
116,14,234.17,LOST
64,14,233.76,LOST
127,11,233.22,LOST
152,16,232.6,LOST
237,15,232.48,LOST
190,30,232.21,LOST
39,60,231.98,BEST
16,12,231.86,BEST
47,29,231.61,BEST
106,12,231.1,LOST
4,9,230.65,BEST
34,63,230.51,BEST
50,35,230.5,BEST
21,12,230.22,BEST
323,14,229.47,LOST
254,26,229.33,LOST
21,14,228.99,BEST
86,1,228.96,LOST
26,17,228.91,BEST
247,10,228.84,LOST
192,9,228.8,LOST
17,56,228.8,BEST
166,14,228.2,LOST
81,14,228.06,LOST
1,12,227.39,BEST
253,4,226.85,LOST
236,62,226.84,LOST
4,53,226.47,BEST
331,14,226.37,LOST
264,14,226.21,LOST
281,14,225.9,LOST
57,13,225.85,LOST
72,12,225.58,LOST
20,56,225.36,BEST
161,84,225.26,RISK
232,13,225.15,LOST
43,40,225.12,BEST
289,16,224.91,LOST
72,23,224.14,LOST
275,13,223.95,LOST
58,34,223.92,BEST
32,11,223.88,BEST
23,11,223.85,BEST
53,15,223.36,LOST
54,9,223.36,LOST
281,15,222.99,LOST
80,48,222.62,LOST
11,40,222.4,BEST
44,50,221.97,BEST
327,28,221.44,LOST
8,27,221.27,BEST
64,16,221.06,LOST
16,18,220.62,BEST
290,28,220.1,LOST
4,6,220.1,BEST
312,19,219.52,LOST
43,11,219.39,LOST
72,32,219.03,LOST
10,34,218.75,BEST
51,9,218.55,LOST
201,11,218.25,LOST
281,29,218.06,LOST
270,43,217.89,LOST
278,14,217.2,LOST
82,10,217.16,LOST
18,3,216.9,BEST
71,17,216.85,LOST
205,4,216.5,LOST
54,70,216.48,BEST
52,17,216.39,LOST
2,9,216.3,BEST
154,21,216.21,LOST
57,11,216.17,LOST
326,34,216.07,LOST
61,11,215.83,LOST
253,45,215.72,LOST
16,11,215.48,BEST
40,6,215.08,LOST
262,9,215.05,LOST
157,11,214.8,LOST
312,74,214.37,LOST
50,11,214.32,LOST
354,56,214.26,LOST
170,14,214.06,LOST
11,7,213.96,BEST
107,24,213.86,LOST
117,19,213.85,LOST
24,14,213.78,BEST
175,13,213.73,LOST
184,10,213.7,LOST
107,18,213.55,LOST
69,10,213.5,LOST
11,15,213.3,BEST
148,34,213.28,LOST
45,23,212.54,BEST
101,43,211.89,LOST
47,32,211.88,BEST
198,31,211.77,LOST
205,11,211.55,LOST
265,5,211.5,LOST
37,87,211.49,BEST
85,3,211.32,LOST
34,66,210.31,BEST
22,15,209.49,BEST
53,10,208.75,LOST
128,40,208.65,LOST
194,22,208.59,LOST
218,9,208.36,LOST
25,19,208.16,BEST
262,7,207.8,LOST
141,11,207.74,LOST
319,28,207.73,LOST
196,1,207.5,LOST
282,1,207.5,LOST
99,1,207.36,LOST
194,12,207.15,LOST
320,17,206.98,LOST
39,12,206.34,LOST
247,13,206.21,LOST
228,11,205.7,LOST
303,37,205.48,LOST
96,12,205.3,LOST
25,9,205.25,BEST
127,10,205.1,LOST
284,16,204.5,LOST
53,7,204.24,LOST
2,3,204,BEST
7,1,204,BEST
227,10,203.95,LOST
219,4,203.87,LOST
162,34,203.86,LOST
311,12,203.5,LOST
71,24,203.2,LOST
52,56,202.68,BEST
61,9,202.65,LOST
19,39,202.37,BEST
65,62,202.27,RISK
9,14,202.11,BEST
10,71,201.78,BEST
32,63,201.45,BEST
212,20,201.37,LOST
360,10,201.2,LOST
227,26,201.19,LOST
331,13,201.19,LOST
326,28,201.16,LOST
12,38,201.12,BEST
61,52,200.92,BEST
137,16,200.47,LOST
263,11,200.29,LOST
44,47,200.27,BEST
262,45,200.16,LOST
60,11,200.14,LOST
320,6,200.1,LOST
217,6,199.85,LOST
71,5,199.8,LOST
17,25,199.48,BEST
184,12,199.15,LOST
20,37,198.8,BEST
185,13,198.57,LOST
138,8,197.9,LOST
331,3,197.65,LOST
29,6,197.64,LOST
157,11,197.22,LOST
277,14,197,LOST
2,12,196.89,BEST
134,28,196.88,LOST
61,4,196.8,LOST
15,15,196.79,BEST
143,16,195.74,LOST
66,13,195.55,LOST
18,11,195.36,BEST
24,14,195.25,BEST
36,6,195.15,LOST
283,10,194.55,LOST
79,14,194.37,LOST
258,11,194.05,LOST
117,10,193.75,LOST
92,10,193.64,LOST
355,17,193.64,LOST
43,12,193.44,LOST
75,11,193.39,LOST
4,49,193.39,BEST
257,17,193,LOST
17,5,192.6,BEST
35,36,192.33,BEST
33,56,191.99,BEST
138,25,191.95,LOST
174,7,191.94,LOST
3,68,191.47,BEST
28,12,191.04,BEST
35,25,190.88,BEST
365,38,190.7,LOST
357,11,190.55,LOST
171,10,190.53,LOST
71,15,190.25,LOST
37,53,190.05,BEST
176,10,189.5,LOST
179,13,189.47,LOST
61,57,189.34,BEST
53,39,188.88,BEST
218,22,188.61,LOST
159,12,188.02,LOST
58,9,187.83,LOST
4,20,187.71,BEST
155,31,187.29,LOST
173,43,187.05,LOST
157,5,186.42,LOST
301,6,186.39,LOST
18,10,186.23,BEST
19,7,186.01,BEST
243,8,185.65,LOST
143,10,185.55,LOST
218,2,185.4,LOST
240,10,185.05,LOST
232,11,184.64,LOST
24,11,184.4,BEST
28,17,184.26,BEST
23,15,184.19,BEST
242,8,183.85,LOST
36,30,183.76,BEST
43,10,183.7,LOST
267,8,183.6,LOST
29,17,183.44,BEST
250,8,183.4,LOST
94,5,183.36,LOST
15,36,183.02,BEST
198,19,182.99,LOST
365,29,182.25,LOST
60,12,181.09,LOST
75,53,181.09,LOST
21,34,181.07,BEST
278,10,180.6,LOST
32,8,180.48,LOST
147,28,180.42,LOST
170,66,179.93,LOST
46,7,179.34,LOST
150,11,179.17,LOST
362,25,179.1,LOST
219,1,179,LOST
199,1,179,LOST
240,13,178.96,LOST
4,9,178.96,BEST
324,10,178.95,LOST
141,38,178.75,LOST
103,9,178.7,LOST
174,6,178.52,LOST
201,24,178.39,LOST
205,7,178.35,LOST
45,43,178.34,BEST
18,18,178.26,BEST
312,19,178.22,LOST
8,12,178.05,BEST
312,10,177.5,LOST
174,13,177.34,LOST
267,7,177.15,LOST
37,9,176.68,LOST
8,9,176.63,BEST
31,31,176.55,BEST
30,11,175.92,BEST
236,29,175.27,LOST
247,1,175.2,LOST
334,1,175.2,LOST
124,1,175.2,LOST
257,14,174.8,LOST
64,16,174.37,LOST
74,9,173.9,LOST
9,7,173.81,BEST
60,6,173.76,LOST
53,12,173.74,LOST
364,3,173.7,LOST
11,50,173.45,BEST
50,8,173.16,LOST
297,12,173.05,LOST
264,8,172.9,LOST
64,28,172.82,LOST
203,7,172.29,LOST
59,9,172.25,LOST
352,7,172.25,LOST
57,26,171.59,LOST
205,9,171.45,LOST
7,32,171.42,BEST
23,10,171.19,BEST
260,18,170.95,LOST
270,25,170.75,LOST
24,19,170.56,BEST
19,11,170.32,BEST
53,35,170.22,BEST
10,3,170.16,BEST
173,20,170.04,LOST
22,11,169.55,BEST
43,12,169.48,LOST
3,24,168.63,BEST
127,19,168.31,LOST
81,12,168.31,LOST
340,11,168.3,LOST
9,10,168.24,BEST
30,14,168.12,BEST
129,3,168,LOST
109,16,167.61,LOST
238,33,167.55,LOST
154,60,167.5,LOST
302,5,167.25,LOST
40,5,166.2,LOST
21,8,166.08,BEST
61,37,166.03,LOST
19,45,165.12,BEST
54,7,165.05,LOST
327,1,165,LOST
99,10,165,LOST
8,30,164.68,BEST
280,13,164.4,LOST
26,27,164.34,BEST
152,57,164.22,LOST
149,9,164,LOST
6,9,163.62,BEST
261,10,163.3,LOST
165,12,163.3,LOST
21,59,163.24,BEST
200,5,163.2,LOST
16,2,163.2,BEST
39,46,162.8,BEST
17,27,162.78,BEST
277,17,162.7,LOST
283,10,162.3,LOST
28,30,162.22,BEST
104,48,161.74,LOST
18,13,161.67,BEST
25,7,161.64,BEST
183,30,161.38,LOST
226,10,160.95,LOST
187,22,160.71,LOST
157,19,160.42,LOST
141,10,160.35,LOST
24,10,160.19,BEST
10,10,160.18,BEST
47,35,160.04,BEST
150,8,159.85,LOST
79,6,159,LOST
264,10,158.95,LOST
169,9,158.85,LOST
321,39,158.8,LOST
57,13,158.75,LOST
284,10,158.68,LOST
357,4,158.16,LOST
72,9,158.04,LOST
362,37,157.92,LOST
206,6,157.9,LOST
51,13,157.7,LOST
46,31,157.62,BEST
316,9,157.4,LOST
234,3,157.2,LOST
335,14,157.09,LOST
50,29,157.05,BEST
318,10,157.02,LOST
159,12,156.91,LOST
19,26,156.78,BEST
119,8,156.75,LOST
131,25,156.58,LOST
107,12,156.51,LOST
12,53,156.34,BEST
212,9,156.02,LOST
71,8,155.95,LOST
326,12,155.93,LOST
205,10,155.9,LOST
50,61,155.37,BEST
331,9,155.17,LOST
320,8,155,LOST
284,14,154.99,LOST
261,8,154.95,LOST
49,9,154.88,LOST
159,31,154.55,LOST
311,8,154.41,LOST
19,59,154.35,BEST
61,55,154.18,BEST
309,11,153.94,LOST
333,8,153.9,LOST
54,49,153.64,BEST
33,9,153.16,LOST
321,10,153,LOST
26,25,152.95,BEST
62,7,152.94,LOST
145,48,152.68,LOST
295,8,152.65,LOST
267,7,152.55,LOST
185,5,152.4,LOST
74,4,152.2,LOST
33,6,152.2,LOST
85,28,152.06,LOST
236,5,151.85,LOST
95,10,151.74,LOST
22,37,151.5,BEST
253,9,151.5,LOST
22,44,151.37,BEST
39,12,151.3,LOST
37,10,151.05,LOST
32,13,151.04,BEST
2,39,150.61,BEST
106,30,150.35,LOST
234,7,150.3,LOST
53,48,150.23,BEST
183,14,149.89,LOST
277,15,149.64,LOST
233,20,149.58,LOST
140,13,149.48,LOST
22,29,149.29,BEST
106,6,149.05,LOST
24,6,148.86,BEST
257,8,148.8,LOST
33,4,148.44,LOST
157,26,148,LOST
358,10,147.9,LOST
30,37,147.59,BEST
37,21,147.35,BEST
176,28,147.2,LOST
138,3,147.12,LOST
64,11,146.87,LOST
326,8,146.85,LOST
138,29,145.79,LOST
74,7,145.67,LOST
64,7,145.35,LOST
286,10,145.05,LOST
199,7,145.04,LOST
361,6,145,LOST
10,9,144.91,BEST
198,8,144.8,LOST
187,20,144.45,LOST
40,20,144.36,BEST
73,9,144.2,LOST
47,2,144,LOST
218,5,143.46,LOST
201,6,143.1,LOST
178,32,142.92,LOST
268,5,142.5,LOST
170,8,142.5,LOST
307,24,142.4,LOST
297,7,142.4,LOST
305,23,141.92,LOST
216,14,141.86,LOST
254,8,141.85,LOST
266,21,141.41,LOST
363,66,141.04,LOST
66,10,140.34,LOST
26,7,139.56,BEST
192,19,139.35,LOST
232,6,139.35,LOST
112,9,139.26,LOST
29,8,139.1,LOST
239,9,139.05,LOST
113,16,138.98,LOST
265,10,138.68,LOST
17,17,138.6,BEST
119,7,138.32,LOST
269,21,138.28,LOST
106,9,138.14,LOST
174,10,137.9,LOST
78,9,137.75,LOST
170,7,137.45,LOST
50,10,137.37,LOST
282,9,137.1,LOST
10,5,137,BEST
252,2,136.8,LOST
278,20,136.77,LOST
74,3,136,LOST
54,30,135.99,LOST
112,5,135.95,LOST
199,5,135.93,LOST
336,10,135.9,LOST
25,8,135.86,BEST
171,8,135.75,LOST
323,11,135.75,LOST
362,9,135.4,LOST
242,30,135.19,LOST
71,10,134.96,LOST
221,8,134.8,LOST
219,6,134.7,LOST
352,1,134.55,LOST
33,26,134.46,BEST
173,12,134.1,LOST
197,8,134.04,LOST
191,5,133.56,LOST
10,31,133.5,BEST
304,8,133.35,LOST
284,6,133.25,LOST
65,7,133.06,LOST
53,13,131.94,LOST
306,9,131.9,LOST
97,47,131.81,LOST
204,8,131.7,LOST
166,6,131.45,LOST
173,40,131.14,LOST
46,11,130.74,LOST
16,6,129.5,BEST
186,10,129.49,LOST
246,5,129.45,LOST
66,49,128.63,LOST
93,8,128.5,LOST
17,49,128.18,BEST
288,28,127.86,LOST
11,15,127.86,BEST
251,17,127.84,LOST
162,13,127.1,LOST
271,5,126.7,LOST
22,7,126.25,BEST
29,7,126.14,LOST
5,7,126.12,BEST
30,5,125.8,LOST
52,6,125.79,LOST
254,7,125.65,LOST
34,20,125.58,BEST
52,9,124.88,LOST
187,8,124.57,LOST
3,5,124.2,BEST
310,18,124.05,LOST
51,6,123.8,LOST
248,12,123.1,LOST
78,8,122.75,LOST
64,7,122.7,LOST
16,8,122.64,BEST
297,1,122.4,LOST
108,29,122.14,LOST
93,27,121.74,LOST
185,1,121.68,LOST
45,11,121.18,LOST
274,3,121.17,LOST
362,22,121.05,LOST
156,7,121,LOST
318,7,120.95,LOST
177,9,120.9,LOST
276,24,120.44,LOST
4,46,120.03,BEST
107,8,120,LOST
142,5,120,LOST
190,22,119.93,LOST
54,5,119.62,LOST
338,6,119.3,LOST
19,32,118.98,BEST
304,8,118.95,LOST
78,2,118.8,LOST
266,6,118.75,LOST
129,44,118.67,LOST
309,10,118,LOST
312,8,117.85,LOST
277,22,117.55,LOST
87,7,117.35,LOST
86,3,117.24,LOST
288,9,116.2,LOST
239,9,116.01,LOST
134,7,115.8,LOST
82,15,115.46,LOST
99,21,115.31,LOST
22,16,115.05,BEST
128,18,114.77,LOST
11,2,114.6,BEST
170,16,114.56,LOST
263,8,114.56,LOST
12,24,114.34,BEST
32,25,114.23,BEST
77,29,114.18,LOST
26,9,114.14,BEST
41,6,114.11,LOST
311,4,113.64,LOST
234,9,113.5,LOST
264,5,113.5,LOST
38,18,113.48,BEST
290,8,113.44,LOST
172,16,113.12,LOST
209,13,112.8,LOST
241,21,112.75,LOST
313,8,112.75,LOST
243,14,112.55,LOST
52,6,112.46,LOST
30,22,112.4,BEST
226,10,112.32,LOST
190,6,112.2,LOST
61,25,112.08,LOST
66,31,111.68,LOST
25,8,111.38,BEST
129,10,111.35,LOST
214,17,111.15,LOST
244,12,110.97,LOST
333,3,110.95,LOST
163,24,110.92,LOST
52,30,110.8,LOST
187,7,110.55,LOST
22,7,110.46,BEST
282,12,110.38,LOST
29,19,110.38,BEST
58,8,110.38,LOST
240,6,110.25,LOST
47,24,110.21,LOST
274,7,109.8,LOST
53,5,109.36,LOST
214,8,109.13,LOST
39,6,108.98,LOST
27,30,108.81,BEST
276,7,108.5,LOST
66,6,108.38,LOST
7,21,108.33,BEST
273,16,108.21,LOST
306,19,108.07,LOST
27,4,107.95,LOST
35,25,107.82,BEST
20,3,107.6,LOST
326,7,107.45,LOST
225,15,107.21,LOST
319,7,106.83,LOST
253,3,106.81,LOST
26,5,106.56,LOST
30,10,106.1,LOST
183,9,105.84,LOST
245,7,104.9,LOST
61,6,104.82,LOST
337,13,104.76,LOST
74,7,104.35,LOST
7,1,104,BEST
89,6,103.3,LOST
234,5,103.3,LOST
186,5,103.25,LOST
10,6,102.45,BEST
142,34,102.41,LOST
246,8,102.12,LOST
361,3,102,LOST
241,5,101.8,LOST
30,6,101.7,LOST
289,1,101.7,LOST
211,8,101.4,LOST
274,7,101.34,LOST
234,8,101.19,LOST
158,2,101.1,LOST
161,15,100.97,LOST
14,3,100.9,BEST
72,2,100.8,LOST
295,4,100.5,LOST
318,1,99.5,LOST
160,12,99.14,LOST
128,5,99.1,LOST
149,6,98.45,LOST
26,9,98.42,BEST
179,8,98.25,LOST
323,6,97.7,LOST
19,4,97.5,BEST
280,6,96.8,LOST
88,2,96.6,LOST
59,2,96.12,LOST
45,3,95.85,LOST
44,15,95.45,LOST
17,8,95.34,BEST
323,4,94.36,LOST
35,6,94.2,LOST
284,18,94.05,LOST
290,6,94,LOST
65,33,93.82,LOST
15,6,93.78,BEST
218,5,93.75,LOST
60,7,93.66,LOST
225,5,93.35,LOST
214,6,92.72,LOST
65,6,92.46,LOST
319,4,91.8,LOST
22,4,91.8,LOST
93,2,91.32,LOST
215,6,90.6,LOST
65,5,90.6,LOST
16,1,90.48,LOST
20,3,90.3,LOST
217,17,90.12,LOST
4,7,90.04,BEST
144,3,90,LOST
37,17,89.94,LOST
4,7,89.94,BEST
297,5,89.2,LOST
99,9,89.06,LOST
257,5,88.2,LOST
265,3,87.8,LOST
137,5,87.4,LOST
114,29,85.13,LOST
253,1,85,LOST
213,5,85,LOST
60,12,84.65,LOST
57,21,84.4,LOST
19,24,83.15,BEST
95,12,82.75,LOST
56,4,81.57,LOST
60,4,81.44,LOST
181,7,80.82,LOST
8,5,80.8,BEST
146,2,80.7,LOST
359,1,80.64,LOST
284,1,79.2,LOST
305,1,79.2,LOST
8,2,77.5,BEST
10,3,77.4,BEST
262,3,77.3,LOST
30,5,76.8,LOST
358,4,76.55,LOST
133,1,76.5,LOST
177,3,76.5,LOST
218,1,76.32,LOST
296,1,76.32,LOST
325,1,76.32,LOST
282,2,76.1,LOST
81,5,75.75,LOST
219,6,75.66,LOST
18,3,75,LOST
74,2,74.9,LOST
359,5,74.4,LOST
71,6,74.4,LOST
171,26,73.78,LOST
334,5,73.5,LOST
59,3,73.2,LOST
247,12,72.9,LOST
183,8,72,LOST
35,7,71.66,LOST
268,1,71.4,LOST
113,1,71.4,LOST
31,7,71,LOST
154,19,70.02,LOST
26,18,68.84,BEST
218,5,67.95,LOST
65,2,65.4,LOST
286,29,65.13,LOST
94,2,64,LOST
155,1,63.75,LOST
208,23,63.44,LOST
268,4,62.85,LOST
127,5,62.64,LOST
45,15,62.43,LOST
136,3,60.7,LOST
218,4,59.9,LOST
204,1,59.8,LOST
187,3,59.5,LOST
253,12,58.49,LOST
179,6,58.08,LOST
255,3,56.4,LOST
50,1,56.16,LOST
291,9,53.5,LOST
223,1,53.1,LOST
81,13,52.83,LOST
19,3,52.2,LOST
188,2,52,LOST
110,1,52,LOST
165,1,51,LOST
15,1,49.8,LOST
79,2,48.48,LOST
177,2,46.95,LOST
33,4,45.6,LOST
38,2,43.5,LOST
19,3,43.2,LOST
4,3,41.99,BEST
260,3,40.5,LOST
156,9,39.24,LOST
189,2,39.12,LOST
52,5,38.45,LOST
252,2,37.4,LOST
311,1,35.8,LOST
15,2,35.4,LOST
33,2,35.4,LOST
78,3,34.8,LOST
294,1,34,LOST
163,2,32.65,LOST
239,1,30.6,LOST
23,1,30,LOST
134,1,25.5,LOST
262,1,25.5,LOST
56,1,20.8,LOST
30,1,20.8,LOST
37,7,20.35,LOST
107,1,17,LOST
120,1,15,LOST
263,1,15,LOST
7,1,15,LOST
84,3,13.3,LOST
249,1,12.75,LOST
45,2,6.9,LOST
64,2,6.2,LOST
298,1,3.75,LOST
